Product_Category,Product_ID,Product_Name
Pharmacy,1,Aspirin 81 mg
Pharmacy,2,Ibuprofen 200 mg
Pharmacy,3,Acetaminophen 500 mg
Pharmacy,4,Naproxen Sodium 220 mg
Pharmacy,5,Cetirizine Hydrochloride 10 mg
Pharmacy,6,Loratadine 10 mg
Pharmacy,7,Diphenhydramine 25 mg
Pharmacy,8,Fexofenadine 180 mg
Pharmacy,9,Omeprazole 20 mg
Pharmacy,10,Ranitidine 150 mg
Pharmacy,11,Famotidine 20 mg
Pharmacy,12,Esomeprazole 20 mg
Pharmacy,13,Lansoprazole 15 mg
Pharmacy,14,Hydrocortisone Cream 1%
Pharmacy,15,Triple Antibiotic Ointment
Pharmacy,16,Clotrimazole Cream 1%
Pharmacy,17,Miconazole Nitrate 2%
Pharmacy,18,Bacitracin Zinc Ointment
Pharmacy,19,Benzoyl Peroxide 10% Gel
Pharmacy,20,Tretinoin Cream 0.025%
Pharmacy,21,Acyclovir Cream 5%
Pharmacy,22,Lidocaine Cream 5%
Pharmacy,23,Diclofenac Sodium Gel 1%
Pharmacy,24,Salicylic Acid 2% Solution
Pharmacy,25,Minoxidil 5% Topical Solution
Pharmacy,26,Silver Sulfadiazine Cream 1%
Pharmacy,27,Phenylephrine HCl 10 mg
Pharmacy,28,Pseudoephedrine HCl 30 mg
Pharmacy,29,Oxymetazoline Nasal Spray 0.05%
Pharmacy,30,Fluticasone Nasal Spray 50 mcg
Pharmacy,31,Triamcinolone Nasal Spray 55 mcg
Pharmacy,32,Mometasone Nasal Spray 50 mcg
Pharmacy,33,Loperamide 2 mg
Pharmacy,34,Bismuth Subsalicylate 262 mg
Pharmacy,35,Senna Laxative 8.6 mg
Pharmacy,36,Docusate Sodium 100 mg
Pharmacy,37,Polyethylene Glycol 3350
Pharmacy,38,Psyllium Husk Powder
Pharmacy,39,Simethicone 125 mg
Pharmacy,40,Dimenhydrinate 50 mg
Pharmacy,41,Meclizine 25 mg
Pharmacy,42,Ondansetron ODT 4 mg
Pharmacy,43,Promethazine 25 mg
Pharmacy,44,Phenazopyridine 95 mg
Pharmacy,45,Methenamine Hippurate 1 g
Pharmacy,46,Nitrofurantoin 100 mg
Pharmacy,47,Azithromycin 250 mg
Pharmacy,48,Amoxicillin 500 mg
Pharmacy,49,Ciprofloxacin 500 mg
Pharmacy,50,Doxycycline 100 mg
Pharmacy,51,Multivitamin Tablets
Pharmacy,52,Vitamin C 1000 mg
Pharmacy,53,Vitamin D3 5000 IU
Pharmacy,54,Vitamin B12 1000 mcg
Pharmacy,55,Calcium Carbonate 500 mg
Pharmacy,56,Magnesium Citrate 200 mg
Pharmacy,57,Fish Oil 1000 mg
Pharmacy,58,Omega-3 1200 mg
Pharmacy,59,Probiotic 10 Billion CFU
Pharmacy,60,Coenzyme Q10 200 mg
Pharmacy,61,Zinc Gluconate 50 mg
Pharmacy,62,Iron Ferrous Sulfate 65 mg
Pharmacy,63,Folic Acid 400 mcg
Pharmacy,64,Biotin 5000 mcg
Pharmacy,65,Collagen Peptides Powder
Pharmacy,66,Melatonin 5 mg
Pharmacy,67,Turmeric Curcumin 1000 mg
Pharmacy,68,Glucosamine Chondroitin 1500 mg
Pharmacy,69,Saw Palmetto 450 mg
Pharmacy,70,Echinacea 400 mg
Pharmacy,71,Ginkgo Biloba 120 mg
Pharmacy,72,Ashwagandha 500 mg
Pharmacy,73,Milk Thistle 1000 mg
Pharmacy,74,Green Tea Extract 500 mg
Pharmacy,75,Elderberry 750 mg
Pharmacy,76,Garlic Oil 1000 mg
Pharmacy,77,Resveratrol 250 mg
Pharmacy,78,Spirulina 500 mg
Pharmacy,79,L-Theanine 200 mg
Pharmacy,80,NAC (N-Acetyl Cysteine) 600 mg
Pharmacy,81,Digital Thermometer
Pharmacy,82,Blood Pressure Monitor
Pharmacy,83,Glucose Meter Kit
Pharmacy,84,Pulse Oximeter
Pharmacy,85,Nebulizer Machine
Pharmacy,86,CPAP Machine
Pharmacy,87,TENS Unit
Pharmacy,88,Infrared Forehead Thermometer
Pharmacy,89,Stethoscope
Pharmacy,90,Otoscope
Pharmacy,91,Peak Flow Meter
Pharmacy,92,Spirometer
Pharmacy,93,Insulin Pen Needles
Pharmacy,94,Lancets for Glucose Testing
Pharmacy,95,Digital Weight Scale
Pharmacy,96,Pregnancy Test Kit
Pharmacy,97,Ovulation Test Kit
Pharmacy,98,Cholesterol Test Kit
Pharmacy,99,Hearing Aid
Pharmacy,100,Inhaler Spacer
Pharmacy,101,Hand Sanitizer Gel
Pharmacy,102,Antibacterial Hand Soap
Pharmacy,103,Moisturizing Lotion
Pharmacy,104,Sunscreen SPF 50
Pharmacy,105,Lip Balm SPF 15
Pharmacy,106,Aloe Vera Gel
Pharmacy,107,Antifungal Powder
Pharmacy,108,Anti-Itch Cream
Pharmacy,109,Medicated Shampoo
Pharmacy,110,Dandruff Shampoo
Pharmacy,111,Conditioner for Dry Scalp
Pharmacy,112,Mouthwash Antiseptic
Pharmacy,113,Toothpaste Whitening
Pharmacy,114,Dental Floss
Pharmacy,115,Denture Adhesive
Pharmacy,116,Denture Cleaning Tablets
Pharmacy,117,Whitening Strips
Pharmacy,118,Eye Drops Lubricating
Pharmacy,119,Contact Lens Solution
Pharmacy,120,Saline Nasal Spray
Pharmacy,121,Nasal Strips
Pharmacy,122,Cotton Swabs
Pharmacy,123,Cotton Balls
Pharmacy,124,Gauze Pads
Pharmacy,125,Adhesive Bandages
Pharmacy,126,Elastic Bandage Wrap
Pharmacy,127,Sterile Gloves
Pharmacy,128,Finger Splint
Pharmacy,129,Knee Brace
Pharmacy,130,Ankle Brace
Pharmacy,131,Bedside Commode
Pharmacy,132,r Chair
Pharmacy,133,Raised Toilet Seat
Pharmacy,134,Wheelchair
Pharmacy,135,Walker with Wheels
Pharmacy,136,Rollator Walker
Pharmacy,137,Crutches
Pharmacy,138,Cane Adjustable
Pharmacy,139,Transfer Bench
Pharmacy,140,Grab Bars for Bathroom
Pharmacy,141,Reacher Grabber Tool
Pharmacy,142,Back Support Brace
Pharmacy,143,Posture Corrector
Pharmacy,144,Compression Socks
Pharmacy,145,Hot/Cold Pack
Pharmacy,146,Heating Pad
Pharmacy,147,Electric Blanket
Pharmacy,148,Humidifier
Pharmacy,149,Portable Oxygen Concentrator
Pharmacy,150,Personal Alarm for Seniors
Pharmacy,151,Infant Formula
Pharmacy,152,Baby Bottles
Pharmacy,153,Bottle Sterilizer
Pharmacy,154,Baby Wipes
Pharmacy,155,Diaper Rash Cream
Pharmacy,156,Baby Lotion
Pharmacy,157,Baby Shampoo
Pharmacy,158,Baby Powder
Pharmacy,159,Pacifiers
Pharmacy,160,Teething Gel
Pharmacy,161,Baby Thermometer
Pharmacy,162,Nasal Aspirator
Pharmacy,163,Infant Vitamin Drops
Pharmacy,164,Baby Nail Clippers
Pharmacy,165,Baby Oil
Pharmacy,166,Infant Pain Relief Drops
Pharmacy,167,Gripe Water
Pharmacy,168,Baby Probiotic Drops
Pharmacy,169,Breast Pump
Pharmacy,170,Nursing Pads
Pharmacy,171,Prenatal Vitamins
Pharmacy,172,Menstrual Pads
Pharmacy,173,Tampons
Pharmacy,174,Menstrual Cups
Pharmacy,175,Yeast Infection Treatment
Pharmacy,176,Vaginal Moisturizer
Pharmacy,177,Menopause Relief Supplements
Pharmacy,178,Fertility Supplements
Pharmacy,179,Pregnancy Support Bands
Pharmacy,180,Breastfeeding Nipple Cream
Pharmacy,181,UTI Test Strips
Pharmacy,182,PCOS Supplements
Pharmacy,183,Pelvic Floor Exercisers
Pharmacy,184,Ovulation Predictor Kits
Pharmacy,185,Birth Control Pills
Pharmacy,186,Emergency Contraceptive
Pharmacy,187,Menstrual Pain Relief Tablets
Pharmacy,188,Hormone Replacement Therapy
Pharmacy,189,Feminine Wash
Pharmacy,190,Vaginal pH Test Strips
Pharmacy,191,Electrolyte Powder
Pharmacy,192,Cough Syrup
Pharmacy,193,Throat Lozenges
Pharmacy,194,Nicotine Gum
Pharmacy,195,Nicotine Patches
Pharmacy,196,Sleep Aid Tablets
Pharmacy,197,Cold & Flu Tablets
Pharmacy,198,Sore Throat Spray
Pharmacy,199,Muscle Rub Cream
Pharmacy,200,Epsom Salt
Furniture,1,Sofa
Furniture,2,Loveseat
Furniture,3,Recliner Chair
Furniture,4,Sectional Sofa
Furniture,5,Sleeper Sofa
Furniture,6,Futon
Furniture,7,Armchair
Furniture,8,Ottoman
Furniture,9,Coffee Table
Furniture,10,End Table
Furniture,11,Console Table
Furniture,12,TV Stand
Furniture,13,Entertainment Center
Furniture,14,Bookshelf
Furniture,15,Display Cabinet
Furniture,16,Nesting Tables
Furniture,17,Accent Chair
Furniture,18,Chaise Lounge
Furniture,19,Bean Bag Chair
Furniture,20,Floor Lamp
Furniture,21,Area Rug
Furniture,22,Media Cabinet
Furniture,23,Wall Shelf
Furniture,24,Room Divider
Furniture,25,Electric Fireplace
Furniture,26,Storage Bench
Furniture,27,Sideboard
Furniture,28,Curio Cabinet
Furniture,29,Sofa Bed
Furniture,30,Chaise Sofa
Furniture,31,Entertainment Armoire
Furniture,32,Bar Cart
Furniture,33,Hall Tree
Furniture,34,Coat Rack
Furniture,35,Magazine Rack
Furniture,36,Lamp Table
Furniture,37,Storage Ottoman
Furniture,38,Console Cabinet
Furniture,39,Sofa Table
Furniture,40,TV Console
Furniture,41,Bed Frame
Furniture,42,Headboard
Furniture,43,Nightstand
Furniture,44,Dresser
Furniture,45,Chest of Drawers
Furniture,46,Wardrobe
Furniture,47,Armoire
Furniture,48,Vanity Table
Furniture,49,Vanity Stool
Furniture,50,Mirror
Furniture,51,Bedding Set
Furniture,52,Mattress
Furniture,53,Box Spring
Furniture,54,Bedside Table
Furniture,55,Trundle Bed
Furniture,56,Bunk Bed
Furniture,57,Canopy Bed
Furniture,58,Daybed
Furniture,59,Bedside Lamp
Furniture,60,Bedside Bench
Furniture,61,Blanket Box
Furniture,62,Jewelry Armoire
Furniture,63,Mattress Topper
Furniture,64,Bedroom Chair
Furniture,65,Quilt Rack
Furniture,66,Bedroom Rug
Furniture,67,Underbed Storage
Furniture,68,Murphy Bed
Furniture,69,Adjustable Bed
Furniture,70,Loft Bed
Furniture,71,Bedroom Chest
Furniture,72,Blanket Chest
Furniture,73,Bedside Organizer
Furniture,74,Headboard Storage Unit
Furniture,75,Kids Bed
Furniture,76,Crib
Furniture,77,Changing Table
Furniture,78,Toddler Bed
Furniture,79,Sleigh Bed
Furniture,80,Platform Bed
Furniture,81,Dining Table
Furniture,82,Dining Chair
Furniture,83,Dining Bench
Furniture,84,Bar Stool
Furniture,85,Counter Stool
Furniture,86,Buffet Table
Furniture,87,Sideboard Buffet
Furniture,88,China Cabinet
Furniture,89,Hutch
Furniture,90,Wine Rack
Furniture,91,Kitchen Island
Furniture,92,Bakers Rack
Furniture,93,Breakfast Nook Set
Furniture,94,Server Table
Furniture,95,Dining Set
Furniture,96,Drop Leaf Table
Furniture,97,Extendable Dining Table
Furniture,98,High Top Table
Furniture,99,Curio Hutch
Furniture,100,Sideboard Hutch
Furniture,101,Corner Hutch
Furniture,102,Buffet with Hutch
Furniture,103,Kitchen Cart
Furniture,104,Display Hutch
Furniture,105,Dining Room Rug
Furniture,106,Credenza
Furniture,107,Side Table
Furniture,108,Bar Cabinet
Furniture,109,Dining Chair Cushion
Furniture,110,Wine Cabinet
Furniture,111,Office Desk
Furniture,112,Office Chair
Furniture,113,Bookcase
Furniture,114,Filing Cabinet
Furniture,115,Printer Stand
Furniture,116,Computer Desk
Furniture,117,Writing Desk
Furniture,118,L-Shaped Desk
Furniture,119,U-Shaped Desk
Furniture,120,Corner Desk
Furniture,121,Standing Desk
Furniture,122,Desk Hutch
Furniture,123,Credenza Desk
Furniture,124,Executive Desk
Furniture,125,Conference Table
Furniture,126,Reception Desk
Furniture,127,Office Storage Cabinet
Furniture,128,Desk Lamp
Furniture,129,Desk Chair Mat
Furniture,130,Office Partition
Furniture,131,Desk Organizer
Furniture,132,Desk Drawer Unit
Furniture,133,Office Workstation
Furniture,134,Laptop Stand
Furniture,135,Ergonomic Chair
Furniture,136,Office Stool
Furniture,137,Office Pod
Furniture,138,Meeting Table
Furniture,139,Coat Stand
Furniture,140,Paper Shredder Cabinet
Furniture,141,Patio Sofa
Furniture,142,Patio Chair
Furniture,143,Outdoor Dining Table
Furniture,144,Outdoor Dining Chair
Furniture,145,Outdoor Bench
Furniture,146,Adirondack Chair
Furniture,147,Outdoor Coffee Table
Furniture,148,Outdoor Side Table
Furniture,149,Chaise Lounge Chair
Furniture,150,Hammock
Furniture,151,Porch Swing
Furniture,152,Picnic Table
Furniture,153,Outdoor Bar Stool
Furniture,154,Outdoor Bar Table
Furniture,155,Patio Dining Set
Furniture,156,Outdoor Sectional
Furniture,157,Garden Bench
Furniture,158,Patio Rocking Chair
Furniture,159,Patio Storage Box
Furniture,160,Outdoor Fire Pit Table
Furniture,161,Outdoor Umbrella
Furniture,162,Outdoor Sofa Set
Furniture,163,Outdoor Lounge Bed
Furniture,164,Outdoor Glider
Furniture,165,Outdoor Bistro Set
Furniture,166,Outdoor Loveseat
Furniture,167,Outdoor Swing Chair
Furniture,168,Patio Daybed
Furniture,169,Outdoor Recliner
Furniture,170,Patio Heater
Furniture,171,Outdoor Gazebo
Furniture,172,Outdoor Dining Bench
Furniture,173,Outdoor Cushion Box
Furniture,174,Poolside Lounge Chair
Furniture,175,Garden Table
Furniture,176,Folding Patio Chair
Furniture,177,Outdoor Rug
Furniture,178,Outdoor Lantern
Furniture,179,Patio Shade Sail
Furniture,180,Outdoor Hammock Chair
Furniture,181,Entryway Bench
Furniture,182,Shoe Rack
Furniture,183,Hallway Table
Furniture,184,Coat Rack Stand
Furniture,185,Laundry Hamper
Furniture,186,Storage Cube Organizer
Furniture,187,Storage Cabinet
Furniture,188,Wine Bar
Furniture,189,Mini Bar
Furniture,190,Bar Counter
Furniture,191,Pet Bed
Furniture,192,Pet Sofa
Furniture,193,Toy Storage Chest
Furniture,194,Craft Table
Furniture,195,Sewing Table
Furniture,196,Game Table
Furniture,197,Pool Table
Furniture,198,Foosball Table
Furniture,199,Poker Table
Furniture,200,Puzzle Table
Toys,1,Superhero Action Figure
Toys,2,Robot Action Figure
Toys,3,Dinosaur Action Figure
Toys,4,Fashion Doll
Toys,5,Baby Doll
Toys,6,Talking Doll
Toys,7,Collector's Edition Doll
Toys,8,Plush Toy Doll
Toys,9,Mermaid Doll
Toys,10,Dollhouse
Toys,11,Dollhouse Furniture
Toys,12,Doll Clothes Set
Toys,13,Doll Accessories Pack
Toys,14,Military Action Figure
Toys,15,Space Ranger Action Figure
Toys,16,Pirate Action Figure
Toys,17,Knight Action Figure
Toys,18,Princess Doll
Toys,19,Fairy Doll
Toys,20,Sports Action Figure
Toys,21,LEGO Set
Toys,22,Mega Bloks Set
Toys,23,K'NEX Building Set
Toys,24,Magnetic Building Tiles
Toys,25,Wooden Building Blocks
Toys,26,Tinkertoy Construction Set
Toys,27,Marble Run Set
Toys,28,Lincoln Logs Set
Toys,29,STEM Building Kit
Toys,30,Robot Construction Kit
Toys,31,Construction Vehicle Set
Toys,32,3D Puzzle Building Kit
Toys,33,Fort Building Kit
Toys,34,Construction Playset
Toys,35,Gear Building Set
Toys,36,Electric Circuit Building Set
Toys,37,Bridge Building Set
Toys,38,Space Station Building Kit
Toys,39,Pirate Ship Building Kit
Toys,40,Castle Building Set
Toys,41,Alphabet Blocks
Toys,42,Number Puzzle
Toys,43,Shape Sorter
Toys,44,Counting Beads
Toys,45,Flash Cards
Toys,46,Science Experiment Kit
Toys,47,Anatomy Model Kit
Toys,48,Globe Puzzle
Toys,49,Math Manipulatives
Toys,50,Coding Robot
Toys,51,Geography Puzzle
Toys,52,Solar System Model
Toys,53,Chemistry Set
Toys,54,Microscope Set
Toys,55,Magnetic Letters and Numbers
Toys,56,Educational Tablet
Toys,57,Music Learning Toy
Toys,58,Bilingual Learning Toy
Toys,59,Animal Sound Toy
Toys,60,Interactive Learning Book
Toys,61,Crayon Set
Toys,62,Colored Pencils
Toys,63,Watercolor Paint Set
Toys,64,Finger Paints
Toys,65,Coloring Books
Toys,66,Craft Paper
Toys,67,Scissors for Kids
Toys,68,Glue Stick
Toys,69,Bead Kit
Toys,70,Jewelry Making Kit
Toys,71,Clay Modeling Set
Toys,72,Play-Doh Set
Toys,73,Stamping Kit
Toys,74,Sticker Set
Toys,75,Scrapbooking Kit
Toys,76,Art Easel
Toys,77,Sketch Pad
Toys,78,Fabric Paint Set
Toys,79,Sewing Kit for Kids
Toys,80,Friendship Bracelet Kit
Toys,81,Sandbox
Toys,82,Swing Set
Toys,83,Trampoline
Toys,84,Slide
Toys,85,Playhouse
Toys,86,Climbing Frame
Toys,87,Jump Rope
Toys,88,Hula Hoop
Toys,89,Soccer Ball
Toys,90,Basketball Hoop
Toys,91,Frisbee
Toys,92,Kite
Toys,93,Water Gun
Toys,94,Beach Toys Set
Toys,95,Skateboard
Toys,96,Roller Skates
Toys,97,Scooter
Toys,98,Bouncy Ball
Toys,99,Lawn Bowling Set
Toys,100,Bubble Blower
Toys,101,Remote Control Car
Toys,102,Remote Control Helicopter
Toys,103,Remote Control Boat
Toys,104,Drone
Toys,105,Electronic Learning Pad
Toys,106,Interactive Robot
Toys,107,Virtual Reality Headset
Toys,108,Electronic Pet
Toys,109,Light-Up Drawing Board
Toys,110,Handheld Gaming Console
Toys,111,Electronic Drum Set
Toys,112,Dance Mat
Toys,113,Karaoke Machine
Toys,114,Tablet for Kids
Toys,115,Digital Camera for Kids
Toys,116,Walkie Talkies
Toys,117,MP3 Player for Kids
Toys,118,Electronic Keyboard
Toys,119,Talking Toy
Toys,120,Smartwatch for Kids
Toys,121,Jigsaw Puzzle
Toys,122,Chess Set
Toys,123,Checkers Set
Toys,124,Tic-Tac-Toe
Toys,125,Board Game
Toys,126,Card Game
Toys,127,Memory Matching Game
Toys,128,Strategy Game
Toys,129,Dominoes Set
Toys,130,Sudoku Puzzle
Toys,131,Crossword Puzzle
Toys,132,Word Search Puzzle
Toys,133,Trivia Game
Toys,134,Building Puzzle
Toys,135,3D Puzzle
Toys,136,Puzzle Cube
Toys,137,Maze Puzzle
Toys,138,Tangram Puzzle
Toys,139,Hidden Object Game
Toys,140,Bingo Game
Toys,141,Kitchen Playset
Toys,142,Doctor Kit
Toys,143,Tool Set
Toys,144,Play Money and Cash Register
Toys,145,Supermarket Playset
Toys,146,Tea Party Set
Toys,147,Dress-Up Costumes
Toys,148,Puppet Theater
Toys,149,Firefighter Playset
Toys,150,Police Officer Playset
Toys,151,Pirate Ship Playset
Toys,152,Farm Playset
Toys,153,Doll Stroller
Toys,154,Play Food Set
Toys,155,Magic Set
Toys,156,Cleaning Playset
Toys,157,Beauty Salon Playset
Toys,158,Workshop Playset
Toys,159,Animal Vet Playset
Toys,160,Train Set
Toys,161,Xylophone
Toys,162,Toy Piano
Toys,163,Drum Set
Toys,164,Guitar
Toys,165,Harmonica
Toys,166,Tambourine
Toys,167,Maracas
Toys,168,Musical Mat
Toys,169,Karaoke Microphone
Toys,170,Flute
Toys,171,Saxophone
Toys,172,Violin
Toys,173,Accordion
Toys,174,Trumpet
Toys,175,Castanets
Toys,176,Bells
Toys,177,Chimes
Toys,178,Musical Walker
Toys,179,Musical Plush Toy
Toys,180,180. Music Box
Toys,181,Baseball Glove
Toys,182,Baseball Bat
Toys,183,Tennis Racket
Toys,184,Badminton Set
Toys,185,Golf Set
Toys,186,Fishing Rod
Toys,187,Archery Set
Toys,188,Bowling Set
Toys,189,Dodgeball
Toys,190,Hockey Stick
Toys,191,Hockey Goal Set
Toys,192,Basketball
Toys,193,Volleyball
Toys,194,Football
Toys,195,Ping Pong Set
Toys,196,Pool Noodle
Toys,197,Pogo Stick
Toys,198,Sled
Toys,199,Snowboard
Toys,200,Surfboard
Groceries,1,Apples
Groceries,2,Bananas
Groceries,3,Oranges
Groceries,4,Strawberries
Groceries,5,Blueberries
Groceries,6,Grapes
Groceries,7,Lemons
Groceries,8,Limes
Groceries,9,Peaches
Groceries,10,Plums
Groceries,11,Cherries
Groceries,12,Watermelon
Groceries,13,Cantaloupe
Groceries,14,Pineapple
Groceries,15,Avocados
Groceries,16,Tomatoes
Groceries,17,Cucumbers
Groceries,18,Bell Peppers
Groceries,19,Carrots
Groceries,20,Broccoli
Groceries,21,Cauliflower
Groceries,22,Spinach
Groceries,23,Lettuce
Groceries,24,Kale
Groceries,25,Zucchini
Groceries,26,Squash
Groceries,27,Potatoes
Groceries,28,Sweet Potatoes
Groceries,29,Onions
Groceries,30,Garlic
Groceries,31,Ginger
Groceries,32,Mushrooms
Groceries,33,Asparagus
Groceries,34,Green Beans
Groceries,35,Peas
Groceries,36,Corn
Groceries,37,Celery
Groceries,38,Radishes
Groceries,39,Beets
Groceries,40,Brussels Sprouts
Groceries,41,Whole Milk
Groceries,42,2% Milk
Groceries,43,Skim Milk
Groceries,44,Almond Milk
Groceries,45,Soy Milk
Groceries,46,Oat Milk
Groceries,47,Butter
Groceries,48,Margarine
Groceries,49,Cheddar Cheese
Groceries,50,Mozzarella Cheese
Groceries,51,Swiss Cheese
Groceries,52,Blue Cheese
Groceries,53,Cream Cheese
Groceries,54,Cottage Cheese
Groceries,55,Greek Yogurt
Groceries,56,Regular Yogurt
Groceries,57,Sour Cream
Groceries,58,Heavy Cream
Groceries,59,Half and Half
Groceries,60,Whipped Cream
Groceries,61,Ice Cream
Groceries,62,Frozen Yogurt
Groceries,63,Kefir
Groceries,64,Buttermilk
Groceries,65,String Cheese
Groceries,66,Colby Jack Cheese
Groceries,67,Feta Cheese
Groceries,68,Brie Cheese
Groceries,69,Ricotta Cheese
Groceries,70,Parmesan Cheese
Groceries,71,Chicken Breasts
Groceries,72,Chicken Thighs
Groceries,73,Ground Beef
Groceries,74,Steak
Groceries,75,Pork Chops
Groceries,76,Bacon
Groceries,77,Sausages
Groceries,78,Ground Turkey
Groceries,79,Turkey Breast
Groceries,80,Ham
Groceries,81,Salami
Groceries,82,Pepperoni
Groceries,83,Lamb Chops
Groceries,84,Salmon Fillets
Groceries,85,Shrimp
Groceries,86,Tilapia Fillets
Groceries,87,Tuna
Groceries,88,Crab Legs
Groceries,89,Scallops
Groceries,90,Mussels
Groceries,91,White Rice
Groceries,92,Brown Rice
Groceries,93,Jasmine Rice
Groceries,94,Basmati Rice
Groceries,95,Quinoa
Groceries,96,Pasta
Groceries,97,Spaghetti
Groceries,98,Macaroni
Groceries,99,Lasagna Noodles
Groceries,100,Egg Noodles
Groceries,101,Canned Tomatoes
Groceries,102,Tomato Sauce
Groceries,103,Canned Beans
Groceries,104,Canned Corn
Groceries,105,Canned Peas
Groceries,106,Canned Tuna
Groceries,107,Canned Chicken
Groceries,108,Peanut Butter
Groceries,109,Almond Butter
Groceries,110,Jelly
Groceries,111,Honey
Groceries,112,Maple Syrup
Groceries,113,Flour
Groceries,114,Sugar
Groceries,115,Brown Sugar
Groceries,116,Powdered Sugar
Groceries,117,Baking Soda
Groceries,118,Baking Powder
Groceries,119,Cornstarch
Groceries,120,Olive Oil
Groceries,121,Vegetable Oil
Groceries,122,Canola Oil
Groceries,123,Coconut Oil
Groceries,124,Vinegar
Groceries,125,Apple Cider Vinegar
Groceries,126,Balsamic Vinegar
Groceries,127,Soy Sauce
Groceries,128,Worcestershire Sauce
Groceries,129,Hot Sauce
Groceries,130,Barbecue Sauce
Groceries,131,White Bread
Groceries,132,Whole Wheat Bread
Groceries,133,Multigrain Bread
Groceries,134,Sourdough Bread
Groceries,135,Rye Bread
Groceries,136,Baguette
Groceries,137,English Muffins
Groceries,138,Bagels
Groceries,139,Croissants
Groceries,140,Muffins
Groceries,141,Donuts
Groceries,142,Tortillas
Groceries,143,Pita Bread
Groceries,144,Naan
Groceries,145,Breadsticks
Groceries,146,Hamburger Buns
Groceries,147,Hot Dog Buns
Groceries,148,Dinner Rolls
Groceries,149,Biscotti
Groceries,150,Crackers
Groceries,151,Bottled Water
Groceries,152,Sparkling Water
Groceries,153,Coconut Water
Groceries,154,Orange Juice
Groceries,155,Apple Juice
Groceries,156,Grape Juice
Groceries,157,Cranberry Juice
Groceries,158,Lemonade
Groceries,159,Iced Tea
Groceries,160,Sweet Tea
Groceries,161,Green Tea
Groceries,162,Black Tea
Groceries,163,Herbal Tea
Groceries,164,Coffee Beans
Groceries,165,Ground Coffee
Groceries,166,Instant Coffee
Groceries,167,Espresso
Groceries,168,Cold Brew Coffee
Groceries,169,Energy Drinks
Groceries,170,Soda
Groceries,171,Diet Soda
Groceries,172,Sports Drinks
Groceries,173,Protein Shakes
Groceries,174,Milkshakes
Groceries,175,Smoothies
Groceries,176,Beer
Groceries,177,Wine
Groceries,178,Champagne
Groceries,179,Whiskey
Groceries,180,Vodka
Groceries,181,Potato Chips
Groceries,182,Tortilla Chips
Groceries,183,Pretzels
Groceries,184,Popcorn
Groceries,185,Cheese Puffs
Groceries,186,Crackers
Groceries,187,Granola Bars
Groceries,188,Protein Bars
Groceries,189,Fruit Snacks
Groceries,190,Trail Mix
Groceries,191,Mixed Nuts
Groceries,192,Almonds
Groceries,193,Cashews
Groceries,194,Peanuts
Groceries,195,Walnuts
Groceries,196,Pistachios
Groceries,197,Sunflower Seeds
Groceries,198,Pumpkin Seeds
Groceries,199,Chocolate Bars
Groceries,200,Gummy Bears
Pet Supplies,1,Dog Food
Pet Supplies,2,Dog Treats
Pet Supplies,3,Dog Chew Toys
Pet Supplies,4,Dog Beds
Pet Supplies,5,Dog Crates
Pet Supplies,6,Dog Collars
Pet Supplies,7,Dog Leashes
Pet Supplies,8,Dog Harnesses
Pet Supplies,9,Dog Bowls
Pet Supplies,10,Dog Water Dispensers
Pet Supplies,11,Dog Grooming Brushes
Pet Supplies,12,Dog Shampoo
Pet Supplies,13,Dog Conditioner
Pet Supplies,14,Dog Nail Clippers
Pet Supplies,15,Dog Dental Chews
Pet Supplies,16,Dog Toothpaste
Pet Supplies,17,Dog Toothbrush
Pet Supplies,18,Dog Waste Bags
Pet Supplies,19,Dog Waste Bag Dispensers
Pet Supplies,20,Dog Pooper Scoopers
Pet Supplies,21,Dog Training Pads
Pet Supplies,22,Dog Training Clickers
Pet Supplies,23,Dog Muzzles
Pet Supplies,24,Dog Clothing
Pet Supplies,25,Dog Coats
Pet Supplies,26,Dog Boots
Pet Supplies,27,Dog Life Jackets
Pet Supplies,28,Dog Carriers
Pet Supplies,29,Dog Travel Bowls
Pet Supplies,30,Dog Seat Belts
Pet Supplies,31,Dog Strollers
Pet Supplies,32,Dog Playpens
Pet Supplies,33,Dog Gates
Pet Supplies,34,Dog Outdoor Kennels
Pet Supplies,35,Dog Houses
Pet Supplies,36,Dog Cooling Mats
Pet Supplies,37,Dog Heating Pads
Pet Supplies,38,Dog Flea Collars
Pet Supplies,39,Dog Flea and Tick Treatments
Pet Supplies,40,Dog Ear Cleaners
Pet Supplies,41,Cat Food
Pet Supplies,42,Cat Treats
Pet Supplies,43,Catnip
Pet Supplies,44,Cat Toys
Pet Supplies,45,Cat Trees
Pet Supplies,46,Cat Scratching Posts
Pet Supplies,47,Cat Beds
Pet Supplies,48,Cat Litter
Pet Supplies,49,Cat Litter Boxes
Pet Supplies,50,Cat Litter Scoops
Pet Supplies,51,Cat Litter Mats
Pet Supplies,52,Cat Bowls
Pet Supplies,53,Cat Water Fountains
Pet Supplies,54,Cat Collars
Pet Supplies,55,Cat Harnesses
Pet Supplies,56,Cat Leashes
Pet Supplies,57,Cat Carriers
Pet Supplies,58,Cat Brushes
Pet Supplies,59,Cat Combs
Pet Supplies,60,Cat Nail Clippers
Pet Supplies,61,Cat Shampoo
Pet Supplies,62,Cat Conditioner
Pet Supplies,63,Cat Toothpaste
Pet Supplies,64,Cat Toothbrushes
Pet Supplies,65,Cat Flea Collars
Pet Supplies,66,Cat Flea and Tick Treatments
Pet Supplies,67,Cat Ear Cleaners
Pet Supplies,68,Cat Hairball Remedies
Pet Supplies,69,Cat Calming Sprays
Pet Supplies,70,Cat Furniture Protectors
Pet Supplies,71,Cat Window Perches
Pet Supplies,72,Cat Doors
Pet Supplies,73,Cat Grass Kits
Pet Supplies,74,Cat Tunnels
Pet Supplies,75,Cat Playpens
Pet Supplies,76,Cat Hammocks
Pet Supplies,77,Cat Trees with Hammocks
Pet Supplies,78,Cat Scratcher Lounges
Pet Supplies,79,Cat Puzzle Toys
Pet Supplies,80,Cat Laser Pointers
Pet Supplies,81,Bird Food
Pet Supplies,82,Bird Treats
Pet Supplies,83,Bird Cages
Pet Supplies,84,Bird Cage Liners
Pet Supplies,85,Bird Perches
Pet Supplies,86,Bird Toys
Pet Supplies,87,Bird Swings
Pet Supplies,88,Bird Baths
Pet Supplies,89,Bird Feeders
Pet Supplies,90,Bird Waterers
Pet Supplies,91,Bird Cage Covers
Pet Supplies,92,Bird Nesting Boxes
Pet Supplies,93,Bird Nesting Material
Pet Supplies,94,Bird Vitamins
Pet Supplies,95,Bird Supplements
Pet Supplies,96,Bird Grooming Kits
Pet Supplies,97,Bird Nail Clippers
Pet Supplies,98,Bird Cage Stands
Pet Supplies,99,Bird Transport Carriers
Pet Supplies,100,Bird Play Gyms
Pet Supplies,101,Fish Tanks
Pet Supplies,102,Fish Tank Stands
Pet Supplies,103,Fish Food
Pet Supplies,104,Fish Tank Filters
Pet Supplies,105,Fish Tank Heaters
Pet Supplies,106,Fish Tank Thermometers
Pet Supplies,107,Fish Tank Lights
Pet Supplies,108,Fish Tank Decorations
Pet Supplies,109,Aquarium Plants
Pet Supplies,110,Fish Tank Gravel
Pet Supplies,111,Fish Tank Air Pumps
Pet Supplies,112,Fish Tank Air Stones
Pet Supplies,113,Fish Nets
Pet Supplies,114,Fish Tank Cleaning Tools
Pet Supplies,115,Fish Tank Water Conditioners
Pet Supplies,116,Fish Tank Test Kits
Pet Supplies,117,Fish Medication
Pet Supplies,118,Fish Breeding Supplies
Pet Supplies,119,Fish Tank Dividers
Pet Supplies,120,Fish Tank Hoods
Pet Supplies,121,Reptile Food
Pet Supplies,122,Reptile Treats
Pet Supplies,123,Reptile Tanks
Pet Supplies,124,Reptile Tank Stands
Pet Supplies,125,Reptile Bedding
Pet Supplies,126,Reptile Substrate
Pet Supplies,127,Reptile Heating Lamps
Pet Supplies,128,Reptile UVB Lights
Pet Supplies,129,Reptile Humidifiers
Pet Supplies,130,Reptile Misting Systems
Pet Supplies,131,Reptile Thermometers
Pet Supplies,132,Reptile Hygrometers
Pet Supplies,133,Reptile Hides
Pet Supplies,134,Reptile Water Bowls
Pet Supplies,135,Reptile Food Bowls
Pet Supplies,136,Reptile Climbing Branches
Pet Supplies,137,Reptile Vines
Pet Supplies,138,Reptile Caves
Pet Supplies,139,Reptile Plants
Pet Supplies,140,Reptile Tank Decorations
Pet Supplies,141,Small Animal Food
Pet Supplies,142,Small Animal Treats
Pet Supplies,143,Small Animal Cages
Pet Supplies,144,Small Animal Cage Liners
Pet Supplies,145,Small Animal Bedding
Pet Supplies,146,Small Animal Hideouts
Pet Supplies,147,Small Animal Tunnels
Pet Supplies,148,Small Animal Exercise Wheels
Pet Supplies,149,Small Animal Playpens
Pet Supplies,150,Small Animal Water Bottles
Pet Supplies,151,Small Animal Food Bowls
Pet Supplies,152,Small Animal Toys
Pet Supplies,153,Small Animal Chew Toys
Pet Supplies,154,Small Animal Grooming Brushes
Pet Supplies,155,Small Animal Nail Clippers
Pet Supplies,156,Small Animal Carriers
Pet Supplies,157,Small Animal Leashes
Pet Supplies,158,Small Animal Harnesses
Pet Supplies,159,Small Animal Hay
Pet Supplies,160,Small Animal Litter
Pet Supplies,161,Pet First Aid Kits
Pet Supplies,162,Pet Supplements
Pet Supplies,163,Pet Vitamins
Pet Supplies,164,Pet Eye Wipes
Pet Supplies,165,Pet Ear Wipes
Pet Supplies,166,Pet Stain and Odor Removers
Pet Supplies,167,Pet Deodorizers
Pet Supplies,168,Pet Allergy Relief
Pet Supplies,169,Pet Skin and Coat Supplements
Pet Supplies,170,Pet Joint Supplements
Pet Supplies,171,Pet Calming Treats
Pet Supplies,172,Pet Pill Pockets
Pet Supplies,173,Pet Probiotics
Pet Supplies,174,Pet Digestive Enzymes
Pet Supplies,175,Pet Water Filters
Pet Supplies,176,Pet Travel Crates
Pet Supplies,177,Pet Travel Bowls
Pet Supplies,178,Pet Travel Beds
Pet Supplies,179,Pet Travel Bags
Pet Supplies,180,Pet Travel Kennels
Pet Supplies,181,Pet Hair Removers
Pet Supplies,182,Pet Hair Vacuums
Pet Supplies,183,Pet Hair Rollers
Pet Supplies,184,Pet Hair Gloves
Pet Supplies,185,Pet Hair Brooms
Pet Supplies,186,Pet Grooming Wipes
Pet Supplies,187,Pet Bathing Supplies
Pet Supplies,188,Pet Grooming Tables
Pet Supplies,189,Pet Bath Tubs
Pet Supplies,190,Pet Dryers
Pet Supplies,191,Pet Clippers
Pet Supplies,192,Pet Scissors
Pet Supplies,193,Pet Shedding Tools
Pet Supplies,194,Pet Deshedding Brushes
Pet Supplies,195,Pet Grooming Combs
Pet Supplies,196,Pet Slicker Brushes
Pet Supplies,197,Pet Grooming Sprays
Pet Supplies,198,Pet Cologne
Pet Supplies,199,Pet Grooming Kits
Pet Supplies,200,Pet Grooming Aprons
Electronics,1,Over-Ear Headphones
Electronics,2,In-Ear Headphones
Electronics,3,Wireless Earbuds
Electronics,4,Bluetooth Speakers
Electronics,5,Smart Speakers
Electronics,6,Home Theater Systems
Electronics,7,Soundbars
Electronics,8,Subwoofers
Electronics,9,AV Receivers
Electronics,10,Turntables
Electronics,11,CD Players
Electronics,12,Vinyl Records
Electronics,13,Home Audio Amplifiers
Electronics,14,Portable Speakers
Electronics,15,Noise-Canceling Headphones
Electronics,16,Studio Monitors
Electronics,17,Microphones
Electronics,18,Audio Mixers
Electronics,19,Headphone Amplifiers
Electronics,20,Digital Audio Players
Electronics,21,LED TVs
Electronics,22,OLED TVs
Electronics,23,QLED TVs
Electronics,24,4K Ultra HD TVs
Electronics,25,8K TVs
Electronics,26,Smart TVs
Electronics,27,TV Mounts
Electronics,28,TV Stands
Electronics,29,Streaming Devices
Electronics,30,Blu-ray Players
Electronics,31,DVD Players
Electronics,32,Universal Remotes
Electronics,33,Projectors
Electronics,34,Projector Screens
Electronics,35,TV Antennas
Electronics,36,Cable Boxes
Electronics,37,DVRs
Electronics,38,Media Streaming Sticks
Electronics,39,Home Theater Seating
Electronics,40,TV Calibration Tools
Electronics,41,Laptops
Electronics,42,Desktop Computers
Electronics,43,All-in-One Computers
Electronics,44,Gaming Laptops
Electronics,45,Gaming Desktops
Electronics,46,Monitors
Electronics,47,Keyboards
Electronics,48,Mice
Electronics,49,Mouse Pads
Electronics,50,Laptop Bags
Electronics,51,Laptop Stands
Electronics,52,Docking Stations
Electronics,53,External Hard Drives
Electronics,54,SSDs
Electronics,55,USB Flash Drives
Electronics,56,Memory Cards
Electronics,57,Computer Speakers
Electronics,58,Webcams
Electronics,59,Headsets
Electronics,60,Graphic Tablets
Electronics,61,Smartphones
Electronics,62,Tablets
Electronics,63,E-Readers
Electronics,64,Smartwatches
Electronics,65,Fitness Trackers
Electronics,66,Smartphone Cases
Electronics,67,Tablet Cases
Electronics,68,Screen Protectors
Electronics,69,Portable Chargers
Electronics,70,Charging Cables
Electronics,71,Wireless Chargers
Electronics,72,Car Chargers
Electronics,73,Phone Mounts
Electronics,74,Bluetooth Headsets
Electronics,75,Pop Sockets
Electronics,76,Styluses
Electronics,77,Smart Rings
Electronics,78,Mobile Hotspots
Electronics,79,SIM Cards
Electronics,80,Phone Cleaning Kits
Electronics,81,DSLRs
Electronics,82,Mirrorless Cameras
Electronics,83,Point-and-Shoot Cameras
Electronics,84,Action Cameras
Electronics,85,Camcorders
Electronics,86,Camera Lenses
Electronics,87,Tripods
Electronics,88,Camera Bags
Electronics,89,Memory Cards for Cameras
Electronics,90,Camera Batteries
Electronics,91,Battery Chargers
Electronics,92,Flash Units
Electronics,93,Light Meters
Electronics,94,Camera Straps
Electronics,95,Lens Filters
Electronics,96,Lens Hoods
Electronics,97,Camera Cleaning Kits
Electronics,98,Gimbals
Electronics,99,Drones
Electronics,100,Photo Printers
Electronics,101,Gaming Consoles
Electronics,102,Gaming Controllers
Electronics,103,Gaming Headsets
Electronics,104,VR Headsets
Electronics,105,Gaming Keyboards
Electronics,106,Gaming Mice
Electronics,107,Gaming Chairs
Electronics,108,Gaming Desks
Electronics,109,Game Capture Cards
Electronics,110,Game Streaming Devices
Electronics,111,Gaming Monitors
Electronics,112,Console Skins
Electronics,113,Controller Charging Stations
Electronics,114,Game Storage Racks
Electronics,115,Gaming Speakers
Electronics,116,Racing Wheels
Electronics,117,Flight Sim Controllers
Electronics,118,Gaming Glasses
Electronics,119,Gaming Mouse Pads
Electronics,120,Gaming PC Cooling Systems
Electronics,121,Smart Thermostats
Electronics,122,Smart Light Bulbs
Electronics,123,Smart Plugs
Electronics,124,Smart Switches
Electronics,125,Smart Doorbells
Electronics,126,Smart Locks
Electronics,127,Smart Security Cameras
Electronics,128,Smart Home Hubs
Electronics,129,Smart Sensors
Electronics,130,Smart Smoke Detectors
Electronics,131,Smart Water Leak Detectors
Electronics,132,Smart Garage Door Openers
Electronics,133,Smart Irrigation Controllers
Electronics,134,Smart Blinds
Electronics,135,Smart Speakers
Electronics,136,Smart Displays
Electronics,137,Smart Vacuums
Electronics,138,Smart Air Purifiers
Electronics,139,Smart Pet Feeders
Electronics,140,Smart Coffee Makers
Electronics,141,Wi-Fi Routers
Electronics,142,Modems
Electronics,143,Mesh Wi-Fi Systems
Electronics,144,Range Extenders
Electronics,145,Powerline Adapters
Electronics,146,Network Switches
Electronics,147,Ethernet Cables
Electronics,148,Network Attached Storage (NAS)
Electronics,149,Wi-Fi Adapters
Electronics,150,Signal Boosters
Electronics,151,Network Security Cameras
Electronics,152,VPN Routers
Electronics,153,Wireless Access Points
Electronics,154,Network Analyzers
Electronics,155,PoE Injectors
Electronics,156,Fiber Optic Cables
Electronics,157,Network Testing Tools
Electronics,158,Ethernet Splitters
Electronics,159,Network Racks
Electronics,160,Cable Organizers
Electronics,161,Printers
Electronics,162,All-in-One Printers
Electronics,163,Scanners
Electronics,164,Fax Machines
Electronics,165,Shredders
Electronics,166,Label Makers
Electronics,167,Projectors
Electronics,168,Projector Screens
Electronics,169,Document Cameras
Electronics,170,Office Telephones
Electronics,171,Conference Phones
Electronics,172,Office Headsets
Electronics,173,Whiteboards
Electronics,174,Laminators
Electronics,175,Binding Machines
Electronics,176,Office Presentation Remotes
Electronics,177,Time Clocks
Electronics,178,Cash Registers
Electronics,179,Office Calculators
Electronics,180,Office Copiers
Electronics,181,Digital Thermometers
Electronics,182,Blood Pressure Monitors
Electronics,183,Glucometers
Electronics,184,Pulse Oximeters
Electronics,185,Smart Scales
Electronics,186,Electric Toothbrushes
Electronics,187,Water Flossers
Electronics,188,Hair Dryers
Electronics,189,Hair Straighteners
Electronics,190,Electric Shavers
Electronics,191,Beard Trimmers
Electronics,192,Massagers
Electronics,193,Foot Massagers
Electronics,194,Humidifiers
Electronics,195,Air Purifiers
Electronics,196,Sleep Trackers
Electronics,197,Hearing Aids
Electronics,198,Fitness Trackers
Electronics,199,Smart Water Bottles
Electronics,200,UV Sanitizers
Clothing,1,T-Shirts
Clothing,2,Polo Shirts
Clothing,3,Dress Shirts
Clothing,4,Casual Shirts
Clothing,5,Tank Tops
Clothing,6,Sweaters
Clothing,7,Hoodies
Clothing,8,Blazers
Clothing,9,Suits
Clothing,10,Jackets
Clothing,11,Coats
Clothing,12,Vests
Clothing,13,Jeans
Clothing,14,Chinos
Clothing,15,Dress Pants
Clothing,16,Casual Pants
Clothing,17,Shorts
Clothing,18,Cargo Pants
Clothing,19,Joggers
Clothing,20,Sweatpants
Clothing,21,T-Shirts
Clothing,22,Blouses
Clothing,23,Tank Tops
Clothing,24,Sweaters
Clothing,25,Cardigans
Clothing,26,Hoodies
Clothing,27,Dresses
Clothing,28,Skirts
Clothing,29,Jeans
Clothing,30,Leggings
Clothing,31,Trousers
Clothing,32,Shorts
Clothing,33,Jumpsuits
Clothing,34,Rompers
Clothing,35,Suits
Clothing,36,Blazers
Clothing,37,Jackets
Clothing,38,Coats
Clothing,39,Vests
Clothing,40,Capris
Clothing,41,T-Shirts
Clothing,42,Polo Shirts
Clothing,43,Dresses
Clothing,44,Skirts
Clothing,45,Jeans
Clothing,46,Leggings
Clothing,47,Shorts
Clothing,48,Hoodies
Clothing,49,Sweaters
Clothing,50,Jackets
Clothing,51,Coats
Clothing,52,Pajamas
Clothing,53,Onesies
Clothing,54,Rompers
Clothing,55,Overalls
Clothing,56,Uniforms
Clothing,57,Swimsuits
Clothing,58,Activewear
Clothing,59,Underwear
Clothing,60,Socks
Clothing,61,Sneakers
Clothing,62,Running Shoes
Clothing,63,Dress Shoes
Clothing,64,Casual Shoes
Clothing,65,Sandals
Clothing,66,Flip Flops
Clothing,67,Boots
Clothing,68,Ankle Boots
Clothing,69,Knee-High Boots
Clothing,70,Hiking Boots
Clothing,71,Loafers
Clothing,72,Boat Shoes
Clothing,73,Ballet Flats
Clothing,74,Espadrilles
Clothing,75,Heels
Clothing,76,Wedges
Clothing,77,Oxfords
Clothing,78,Brogues
Clothing,79,Slip-Ons
Clothing,80,Slippers
Clothing,81,Rain Jackets
Clothing,82,Windbreakers
Clothing,83,Bomber Jackets
Clothing,84,Denim Jackets
Clothing,85,Leather Jackets
Clothing,86,Parkas
Clothing,87,Peacoats
Clothing,88,Trench Coats
Clothing,89,Puffer Jackets
Clothing,90,Ski Jackets
Clothing,91,Snow Pants
Clothing,92,Vests
Clothing,93,Ponchos
Clothing,94,Capes
Clothing,95,Anoraks
Clothing,96,Fleece Jackets
Clothing,97,Down Jackets
Clothing,98,Quilted Jackets
Clothing,99,Military Jackets
Clothing,100,Double-Breasted Coats
Clothing,101,Sports Bras
Clothing,102,Workout Tanks
Clothing,103,Workout Tees
Clothing,104,Leggings
Clothing,105,Yoga Pants
Clothing,106,Track Pants
Clothing,107,Gym Shorts
Clothing,108,Compression Shorts
Clothing,109,Running Shorts
Clothing,110,Running Jackets
Clothing,111,Sports Socks
Clothing,112,Athletic Hoodies
Clothing,113,Sweatbands
Clothing,114,Athletic Shoes
Clothing,115,Swim Trunks
Clothing,116,Biking Shorts
Clothing,117,Rash Guards
Clothing,118,Ski Suits
Clothing,119,Hiking Pants
Clothing,120,Gym Bags
Clothing,121,Hats
Clothing,122,Beanies
Clothing,123,Caps
Clothing,124,Scarves
Clothing,125,Gloves
Clothing,126,Belts
Clothing,127,Sunglasses
Clothing,128,Watches
Clothing,129,Ties
Clothing,130,Bow Ties
Clothing,131,Cufflinks
Clothing,132,Pocket Squares
Clothing,133,Bracelets
Clothing,134,Necklaces
Clothing,135,Earrings
Clothing,136,Rings
Clothing,137,Brooches
Clothing,138,Hair Accessories
Clothing,139,Handbags
Clothing,140,Backpacks
Clothing,141,Bras
Clothing,142,Panties
Clothing,143,Boxer Briefs
Clothing,144,Boxers
Clothing,145,Briefs
Clothing,146,Undershirts
Clothing,147,Slips
Clothing,148,Camisoles
Clothing,149,Shapewear
Clothing,150,Long Johns
Clothing,151,Thermal Tops
Clothing,152,Thermal Bottoms
Clothing,153,Robes
Clothing,154,Nightgowns
Clothing,155,Pajama Sets
Clothing,156,Lingerie Sets
Clothing,157,Bralettes
Clothing,158,Bikini Bottoms
Clothing,159,Thongs
Clothing,160,G-Strings
Clothing,161,Bikinis
Clothing,162,One-Piece Swimsuits
Clothing,163,Tankinis
Clothing,164,Swim Trunks
Clothing,165,Board Shorts
Clothing,166,Rash Guards
Clothing,167,Swim Dresses
Clothing,168,Cover-Ups
Clothing,169,Swim Skirts
Clothing,170,Swim Briefs
Clothing,171,Swim Jammers
Clothing,172,Monokinis
Clothing,173,Swim Leggings
Clothing,174,Swim Tops
Clothing,175,Swim Bottoms
Clothing,176,Swim Shorts
Clothing,177,Wet Suits
Clothing,178,Bikini Tops
Clothing,179,Swim Vests
Clothing,180,Swim Caps
Clothing,181,Christmas Sweaters
Clothing,182,Halloween Costumes
Clothing,183,Easter Dresses
Clothing,184,Thanksgiving Outfits
Clothing,185,Valentine's Day Lingerie
Clothing,186,St Patrick's Day Shirts
Clothing,187,Fourth of July Shirts
Clothing,188,New Year's Eve Dresses
Clothing,189,Summer Dresses
Clothing,190,Winter Coats
Clothing,191,Spring Jackets
Clothing,192,Fall Sweaters
Clothing,193,Rain Boots
Clothing,194,Snow Boots
Clothing,195,Winter Gloves
Clothing,196,Summer Hats
Clothing,197,Spring Scarves
Clothing,198,Fall Beanies
Clothing,199,Winter Hats
Clothing,200,Holiday Pajamas