Product_Category,ID,Product_Name,ProductID
Pharmacy,1,Aspirin 81 mg,PRD1
Pharmacy,2,Ibuprofen 200 mg,PRD2
Pharmacy,3,Acetaminophen 500 mg,PRD3
Pharmacy,4,Naproxen Sodium 220 mg,PRD4
Pharmacy,5,Cetirizine Hydrochloride 10 mg,PRD5
Pharmacy,6,Loratadine 10 mg,PRD6
Pharmacy,7,Diphenhydramine 25 mg,PRD7
Pharmacy,8,Fexofenadine 180 mg,PRD8
Pharmacy,9,Omeprazole 20 mg,PRD9
Pharmacy,10,Ranitidine 150 mg,PRD10
Pharmacy,11,Famotidine 20 mg,PRD11
Pharmacy,12,Esomeprazole 20 mg,PRD12
Pharmacy,13,Lansoprazole 15 mg,PRD13
Pharmacy,14,Hydrocortisone Cream 1%,PRD14
Pharmacy,15,Triple Antibiotic Ointment,PRD15
Pharmacy,16,Clotrimazole Cream 1%,PRD16
Pharmacy,17,Miconazole Nitrate 2%,PRD17
Pharmacy,18,Bacitracin Zinc Ointment,PRD18
Pharmacy,19,Benzoyl Peroxide 10% Gel,PRD19
Pharmacy,20,Tretinoin Cream 0.025%,PRD20
Pharmacy,21,Acyclovir Cream 5%,PRD21
Pharmacy,22,Lidocaine Cream 5%,PRD22
Pharmacy,23,Diclofenac Sodium Gel 1%,PRD23
Pharmacy,24,Salicylic Acid 2% Solution,PRD24
Pharmacy,25,Minoxidil 5% Topical Solution,PRD25
Pharmacy,26,Silver Sulfadiazine Cream 1%,PRD26
Pharmacy,27,Phenylephrine HCl 10 mg,PRD27
Pharmacy,28,Pseudoephedrine HCl 30 mg,PRD28
Pharmacy,29,Oxymetazoline Nasal Spray 0.05%,PRD29
Pharmacy,30,Fluticasone Nasal Spray 50 mcg,PRD30
Pharmacy,31,Triamcinolone Nasal Spray 55 mcg,PRD31
Pharmacy,32,Mometasone Nasal Spray 50 mcg,PRD32
Pharmacy,33,Loperamide 2 mg,PRD33
Pharmacy,34,Bismuth Subsalicylate 262 mg,PRD34
Pharmacy,35,Senna Laxative 8.6 mg,PRD35
Pharmacy,36,Docusate Sodium 100 mg,PRD36
Pharmacy,37,Polyethylene Glycol 3350,PRD37
Pharmacy,38,Psyllium Husk Powder,PRD38
Pharmacy,39,Simethicone 125 mg,PRD39
Pharmacy,40,Dimenhydrinate 50 mg,PRD40
Pharmacy,41,Meclizine 25 mg,PRD41
Pharmacy,42,Ondansetron ODT 4 mg,PRD42
Pharmacy,43,Promethazine 25 mg,PRD43
Pharmacy,44,Phenazopyridine 95 mg,PRD44
Pharmacy,45,Methenamine Hippurate 1 g,PRD45
Pharmacy,46,Nitrofurantoin 100 mg,PRD46
Pharmacy,47,Azithromycin 250 mg,PRD47
Pharmacy,48,Amoxicillin 500 mg,PRD48
Pharmacy,49,Ciprofloxacin 500 mg,PRD49
Pharmacy,50,Doxycycline 100 mg,PRD50
Pharmacy,51,Multivitamin Tablets,PRD51
Pharmacy,52,Vitamin C 1000 mg,PRD52
Pharmacy,53,Vitamin D3 5000 IU,PRD53
Pharmacy,54,Vitamin B12 1000 mcg,PRD54
Pharmacy,55,Calcium Carbonate 500 mg,PRD55
Pharmacy,56,Magnesium Citrate 200 mg,PRD56
Pharmacy,57,Fish Oil 1000 mg,PRD57
Pharmacy,58,Omega-3 1200 mg,PRD58
Pharmacy,59,Probiotic 10 Billion CFU,PRD59
Pharmacy,60,Coenzyme Q10 200 mg,PRD60
Pharmacy,61,Zinc Gluconate 50 mg,PRD61
Pharmacy,62,Iron Ferrous Sulfate 65 mg,PRD62
Pharmacy,63,Folic Acid 400 mcg,PRD63
Pharmacy,64,Biotin 5000 mcg,PRD64
Pharmacy,65,Collagen Peptides Powder,PRD65
Pharmacy,66,Melatonin 5 mg,PRD66
Pharmacy,67,Turmeric Curcumin 1000 mg,PRD67
Pharmacy,68,Glucosamine Chondroitin 1500 mg,PRD68
Pharmacy,69,Saw Palmetto 450 mg,PRD69
Pharmacy,70,Echinacea 400 mg,PRD70
Pharmacy,71,Ginkgo Biloba 120 mg,PRD71
Pharmacy,72,Ashwagandha 500 mg,PRD72
Pharmacy,73,Milk Thistle 1000 mg,PRD73
Pharmacy,74,Green Tea Extract 500 mg,PRD74
Pharmacy,75,Elderberry 750 mg,PRD75
Pharmacy,76,Garlic Oil 1000 mg,PRD76
Pharmacy,77,Resveratrol 250 mg,PRD77
Pharmacy,78,Spirulina 500 mg,PRD78
Pharmacy,79,L-Theanine 200 mg,PRD79
Pharmacy,80,NAC (N-Acetyl Cysteine) 600 mg,PRD80
Pharmacy,81,Digital Thermometer,PRD81
Pharmacy,82,Blood Pressure Monitor,PRD82
Pharmacy,83,Glucose Meter Kit,PRD83
Pharmacy,84,Pulse Oximeter,PRD84
Pharmacy,85,Nebulizer Machine,PRD85
Pharmacy,86,CPAP Machine,PRD86
Pharmacy,87,TENS Unit,PRD87
Pharmacy,88,Infrared Forehead Thermometer,PRD88
Pharmacy,89,Stethoscope,PRD89
Pharmacy,90,Otoscope,PRD90
Pharmacy,91,Peak Flow Meter,PRD91
Pharmacy,92,Spirometer,PRD92
Pharmacy,93,Insulin Pen Needles,PRD93
Pharmacy,94,Lancets for Glucose Testing,PRD94
Pharmacy,95,Digital Weight Scale,PRD95
Pharmacy,96,Pregnancy Test Kit,PRD96
Pharmacy,97,Ovulation Test Kit,PRD97
Pharmacy,98,Cholesterol Test Kit,PRD98
Pharmacy,99,Hearing Aid,PRD99
Pharmacy,100,Inhaler Spacer,PRD100
Pharmacy,101,Hand Sanitizer Gel,PRD101
Pharmacy,102,Antibacterial Hand Soap,PRD102
Pharmacy,103,Moisturizing Lotion,PRD103
Pharmacy,104,Sunscreen SPF 50,PRD104
Pharmacy,105,Lip Balm SPF 15,PRD105
Pharmacy,106,Aloe Vera Gel,PRD106
Pharmacy,107,Antifungal Powder,PRD107
Pharmacy,108,Anti-Itch Cream,PRD108
Pharmacy,109,Medicated Shampoo,PRD109
Pharmacy,110,Dandruff Shampoo,PRD110
Pharmacy,111,Conditioner for Dry Scalp,PRD111
Pharmacy,112,Mouthwash Antiseptic,PRD112
Pharmacy,113,Toothpaste Whitening,PRD113
Pharmacy,114,Dental Floss,PRD114
Pharmacy,115,Denture Adhesive,PRD115
Pharmacy,116,Denture Cleaning Tablets,PRD116
Pharmacy,117,Whitening Strips,PRD117
Pharmacy,118,Eye Drops Lubricating,PRD118
Pharmacy,119,Contact Lens Solution,PRD119
Pharmacy,120,Saline Nasal Spray,PRD120
Pharmacy,121,Nasal Strips,PRD121
Pharmacy,122,Cotton Swabs,PRD122
Pharmacy,123,Cotton Balls,PRD123
Pharmacy,124,Gauze Pads,PRD124
Pharmacy,125,Adhesive Bandages,PRD125
Pharmacy,126,Elastic Bandage Wrap,PRD126
Pharmacy,127,Sterile Gloves,PRD127
Pharmacy,128,Finger Splint,PRD128
Pharmacy,129,Knee Brace,PRD129
Pharmacy,130,Ankle Brace,PRD130
Pharmacy,131,Bedside Commode,PRD131
Pharmacy,132,r Chair,PRD132
Pharmacy,133,Raised Toilet Seat,PRD133
Pharmacy,134,Wheelchair,PRD134
Pharmacy,135,Walker with Wheels,PRD135
Pharmacy,136,Rollator Walker,PRD136
Pharmacy,137,Crutches,PRD137
Pharmacy,138,Cane Adjustable,PRD138
Pharmacy,139,Transfer Bench,PRD139
Pharmacy,140,Grab Bars for Bathroom,PRD140
Pharmacy,141,Reacher Grabber Tool,PRD141
Pharmacy,142,Back Support Brace,PRD142
Pharmacy,143,Posture Corrector,PRD143
Pharmacy,144,Compression Socks,PRD144
Pharmacy,145,Hot/Cold Pack,PRD145
Pharmacy,146,Heating Pad,PRD146
Pharmacy,147,Electric Blanket,PRD147
Pharmacy,148,Humidifier,PRD148
Pharmacy,149,Portable Oxygen Concentrator,PRD149
Pharmacy,150,Personal Alarm for Seniors,PRD150
Pharmacy,151,Infant Formula,PRD151
Pharmacy,152,Baby Bottles,PRD152
Pharmacy,153,Bottle Sterilizer,PRD153
Pharmacy,154,Baby Wipes,PRD154
Pharmacy,155,Diaper Rash Cream,PRD155
Pharmacy,156,Baby Lotion,PRD156
Pharmacy,157,Baby Shampoo,PRD157
Pharmacy,158,Baby Powder,PRD158
Pharmacy,159,Pacifiers,PRD159
Pharmacy,160,Teething Gel,PRD160
Pharmacy,161,Baby Thermometer,PRD161
Pharmacy,162,Nasal Aspirator,PRD162
Pharmacy,163,Infant Vitamin Drops,PRD163
Pharmacy,164,Baby Nail Clippers,PRD164
Pharmacy,165,Baby Oil,PRD165
Pharmacy,166,Infant Pain Relief Drops,PRD166
Pharmacy,167,Gripe Water,PRD167
Pharmacy,168,Baby Probiotic Drops,PRD168
Pharmacy,169,Breast Pump,PRD169
Pharmacy,170,Nursing Pads,PRD170
Pharmacy,171,Prenatal Vitamins,PRD171
Pharmacy,172,Menstrual Pads,PRD172
Pharmacy,173,Tampons,PRD173
Pharmacy,174,Menstrual Cups,PRD174
Pharmacy,175,Yeast Infection Treatment,PRD175
Pharmacy,176,Vaginal Moisturizer,PRD176
Pharmacy,177,Menopause Relief Supplements,PRD177
Pharmacy,178,Fertility Supplements,PRD178
Pharmacy,179,Pregnancy Support Bands,PRD179
Pharmacy,180,Breastfeeding Nipple Cream,PRD180
Pharmacy,181,UTI Test Strips,PRD181
Pharmacy,182,PCOS Supplements,PRD182
Pharmacy,183,Pelvic Floor Exercisers,PRD183
Pharmacy,184,Ovulation Predictor Kits,PRD184
Pharmacy,185,Birth Control Pills,PRD185
Pharmacy,186,Emergency Contraceptive,PRD186
Pharmacy,187,Menstrual Pain Relief Tablets,PRD187
Pharmacy,188,Hormone Replacement Therapy,PRD188
Pharmacy,189,Feminine Wash,PRD189
Pharmacy,190,Vaginal pH Test Strips,PRD190
Pharmacy,191,Electrolyte Powder,PRD191
Pharmacy,192,Cough Syrup,PRD192
Pharmacy,193,Throat Lozenges,PRD193
Pharmacy,194,Nicotine Gum,PRD194
Pharmacy,195,Nicotine Patches,PRD195
Pharmacy,196,Sleep Aid Tablets,PRD196
Pharmacy,197,Cold & Flu Tablets,PRD197
Pharmacy,198,Sore Throat Spray,PRD198
Pharmacy,199,Muscle Rub Cream,PRD199
Pharmacy,200,Epsom Salt,PRD200
Furniture,1,Sofa,PRD1
Furniture,2,Loveseat,PRD2
Furniture,3,Recliner Chair,PRD3
Furniture,4,Sectional Sofa,PRD4
Furniture,5,Sleeper Sofa,PRD5
Furniture,6,Futon,PRD6
Furniture,7,Armchair,PRD7
Furniture,8,Ottoman,PRD8
Furniture,9,Coffee Table,PRD9
Furniture,10,End Table,PRD10
Furniture,11,Console Table,PRD11
Furniture,12,TV Stand,PRD12
Furniture,13,Entertainment Center,PRD13
Furniture,14,Bookshelf,PRD14
Furniture,15,Display Cabinet,PRD15
Furniture,16,Nesting Tables,PRD16
Furniture,17,Accent Chair,PRD17
Furniture,18,Chaise Lounge,PRD18
Furniture,19,Bean Bag Chair,PRD19
Furniture,20,Floor Lamp,PRD20
Furniture,21,Area Rug,PRD21
Furniture,22,Media Cabinet,PRD22
Furniture,23,Wall Shelf,PRD23
Furniture,24,Room Divider,PRD24
Furniture,25,Electric Fireplace,PRD25
Furniture,26,Storage Bench,PRD26
Furniture,27,Sideboard,PRD27
Furniture,28,Curio Cabinet,PRD28
Furniture,29,Sofa Bed,PRD29
Furniture,30,Chaise Sofa,PRD30
Furniture,31,Entertainment Armoire,PRD31
Furniture,32,Bar Cart,PRD32
Furniture,33,Hall Tree,PRD33
Furniture,34,Coat Rack,PRD34
Furniture,35,Magazine Rack,PRD35
Furniture,36,Lamp Table,PRD36
Furniture,37,Storage Ottoman,PRD37
Furniture,38,Console Cabinet,PRD38
Furniture,39,Sofa Table,PRD39
Furniture,40,TV Console,PRD40
Furniture,41,Bed Frame,PRD41
Furniture,42,Headboard,PRD42
Furniture,43,Nightstand,PRD43
Furniture,44,Dresser,PRD44
Furniture,45,Chest of Drawers,PRD45
Furniture,46,Wardrobe,PRD46
Furniture,47,Armoire,PRD47
Furniture,48,Vanity Table,PRD48
Furniture,49,Vanity Stool,PRD49
Furniture,50,Mirror,PRD50
Furniture,51,Bedding Set,PRD51
Furniture,52,Mattress,PRD52
Furniture,53,Box Spring,PRD53
Furniture,54,Bedside Table,PRD54
Furniture,55,Trundle Bed,PRD55
Furniture,56,Bunk Bed,PRD56
Furniture,57,Canopy Bed,PRD57
Furniture,58,Daybed,PRD58
Furniture,59,Bedside Lamp,PRD59
Furniture,60,Bedside Bench,PRD60
Furniture,61,Blanket Box,PRD61
Furniture,62,Jewelry Armoire,PRD62
Furniture,63,Mattress Topper,PRD63
Furniture,64,Bedroom Chair,PRD64
Furniture,65,Quilt Rack,PRD65
Furniture,66,Bedroom Rug,PRD66
Furniture,67,Underbed Storage,PRD67
Furniture,68,Murphy Bed,PRD68
Furniture,69,Adjustable Bed,PRD69
Furniture,70,Loft Bed,PRD70
Furniture,71,Bedroom Chest,PRD71
Furniture,72,Blanket Chest,PRD72
Furniture,73,Bedside Organizer,PRD73
Furniture,74,Headboard Storage Unit,PRD74
Furniture,75,Kids Bed,PRD75
Furniture,76,Crib,PRD76
Furniture,77,Changing Table,PRD77
Furniture,78,Toddler Bed,PRD78
Furniture,79,Sleigh Bed,PRD79
Furniture,80,Platform Bed,PRD80
Furniture,81,Dining Table,PRD81
Furniture,82,Dining Chair,PRD82
Furniture,83,Dining Bench,PRD83
Furniture,84,Bar Stool,PRD84
Furniture,85,Counter Stool,PRD85
Furniture,86,Buffet Table,PRD86
Furniture,87,Sideboard Buffet,PRD87
Furniture,88,China Cabinet,PRD88
Furniture,89,Hutch,PRD89
Furniture,90,Wine Rack,PRD90
Furniture,91,Kitchen Island,PRD91
Furniture,92,Bakers Rack,PRD92
Furniture,93,Breakfast Nook Set,PRD93
Furniture,94,Server Table,PRD94
Furniture,95,Dining Set,PRD95
Furniture,96,Drop Leaf Table,PRD96
Furniture,97,Extendable Dining Table,PRD97
Furniture,98,High Top Table,PRD98
Furniture,99,Curio Hutch,PRD99
Furniture,100,Sideboard Hutch,PRD100
Furniture,101,Corner Hutch,PRD101
Furniture,102,Buffet with Hutch,PRD102
Furniture,103,Kitchen Cart,PRD103
Furniture,104,Display Hutch,PRD104
Furniture,105,Dining Room Rug,PRD105
Furniture,106,Credenza,PRD106
Furniture,107,Side Table,PRD107
Furniture,108,Bar Cabinet,PRD108
Furniture,109,Dining Chair Cushion,PRD109
Furniture,110,Wine Cabinet,PRD110
Furniture,111,Office Desk,PRD111
Furniture,112,Office Chair,PRD112
Furniture,113,Bookcase,PRD113
Furniture,114,Filing Cabinet,PRD114
Furniture,115,Printer Stand,PRD115
Furniture,116,Computer Desk,PRD116
Furniture,117,Writing Desk,PRD117
Furniture,118,L-Shaped Desk,PRD118
Furniture,119,U-Shaped Desk,PRD119
Furniture,120,Corner Desk,PRD120
Furniture,121,Standing Desk,PRD121
Furniture,122,Desk Hutch,PRD122
Furniture,123,Credenza Desk,PRD123
Furniture,124,Executive Desk,PRD124
Furniture,125,Conference Table,PRD125
Furniture,126,Reception Desk,PRD126
Furniture,127,Office Storage Cabinet,PRD127
Furniture,128,Desk Lamp,PRD128
Furniture,129,Desk Chair Mat,PRD129
Furniture,130,Office Partition,PRD130
Furniture,131,Desk Organizer,PRD131
Furniture,132,Desk Drawer Unit,PRD132
Furniture,133,Office Workstation,PRD133
Furniture,134,Laptop Stand,PRD134
Furniture,135,Ergonomic Chair,PRD135
Furniture,136,Office Stool,PRD136
Furniture,137,Office Pod,PRD137
Furniture,138,Meeting Table,PRD138
Furniture,139,Coat Stand,PRD139
Furniture,140,Paper Shredder Cabinet,PRD140
Furniture,141,Patio Sofa,PRD141
Furniture,142,Patio Chair,PRD142
Furniture,143,Outdoor Dining Table,PRD143
Furniture,144,Outdoor Dining Chair,PRD144
Furniture,145,Outdoor Bench,PRD145
Furniture,146,Adirondack Chair,PRD146
Furniture,147,Outdoor Coffee Table,PRD147
Furniture,148,Outdoor Side Table,PRD148
Furniture,149,Chaise Lounge Chair,PRD149
Furniture,150,Hammock,PRD150
Furniture,151,Porch Swing,PRD151
Furniture,152,Picnic Table,PRD152
Furniture,153,Outdoor Bar Stool,PRD153
Furniture,154,Outdoor Bar Table,PRD154
Furniture,155,Patio Dining Set,PRD155
Furniture,156,Outdoor Sectional,PRD156
Furniture,157,Garden Bench,PRD157
Furniture,158,Patio Rocking Chair,PRD158
Furniture,159,Patio Storage Box,PRD159
Furniture,160,Outdoor Fire Pit Table,PRD160
Furniture,161,Outdoor Umbrella,PRD161
Furniture,162,Outdoor Sofa Set,PRD162
Furniture,163,Outdoor Lounge Bed,PRD163
Furniture,164,Outdoor Glider,PRD164
Furniture,165,Outdoor Bistro Set,PRD165
Furniture,166,Outdoor Loveseat,PRD166
Furniture,167,Outdoor Swing Chair,PRD167
Furniture,168,Patio Daybed,PRD168
Furniture,169,Outdoor Recliner,PRD169
Furniture,170,Patio Heater,PRD170
Furniture,171,Outdoor Gazebo,PRD171
Furniture,172,Outdoor Dining Bench,PRD172
Furniture,173,Outdoor Cushion Box,PRD173
Furniture,174,Poolside Lounge Chair,PRD174
Furniture,175,Garden Table,PRD175
Furniture,176,Folding Patio Chair,PRD176
Furniture,177,Outdoor Rug,PRD177
Furniture,178,Outdoor Lantern,PRD178
Furniture,179,Patio Shade Sail,PRD179
Furniture,180,Outdoor Hammock Chair,PRD180
Furniture,181,Entryway Bench,PRD181
Furniture,182,Shoe Rack,PRD182
Furniture,183,Hallway Table,PRD183
Furniture,184,Coat Rack Stand,PRD184
Furniture,185,Laundry Hamper,PRD185
Furniture,186,Storage Cube Organizer,PRD186
Furniture,187,Storage Cabinet,PRD187
Furniture,188,Wine Bar,PRD188
Furniture,189,Mini Bar,PRD189
Furniture,190,Bar Counter,PRD190
Furniture,191,Pet Bed,PRD191
Furniture,192,Pet Sofa,PRD192
Furniture,193,Toy Storage Chest,PRD193
Furniture,194,Craft Table,PRD194
Furniture,195,Sewing Table,PRD195
Furniture,196,Game Table,PRD196
Furniture,197,Pool Table,PRD197
Furniture,198,Foosball Table,PRD198
Furniture,199,Poker Table,PRD199
Furniture,200,Puzzle Table,PRD200
Toys,1,Superhero Action Figure,PRD1
Toys,2,Robot Action Figure,PRD2
Toys,3,Dinosaur Action Figure,PRD3
Toys,4,Fashion Doll,PRD4
Toys,5,Baby Doll,PRD5
Toys,6,Talking Doll,PRD6
Toys,7,Collector's Edition Doll,PRD7
Toys,8,Plush Toy Doll,PRD8
Toys,9,Mermaid Doll,PRD9
Toys,10,Dollhouse,PRD10
Toys,11,Dollhouse Furniture,PRD11
Toys,12,Doll Clothes Set,PRD12
Toys,13,Doll Accessories Pack,PRD13
Toys,14,Military Action Figure,PRD14
Toys,15,Space Ranger Action Figure,PRD15
Toys,16,Pirate Action Figure,PRD16
Toys,17,Knight Action Figure,PRD17
Toys,18,Princess Doll,PRD18
Toys,19,Fairy Doll,PRD19
Toys,20,Sports Action Figure,PRD20
Toys,21,LEGO Set,PRD21
Toys,22,Mega Bloks Set,PRD22
Toys,23,K'NEX Building Set,PRD23
Toys,24,Magnetic Building Tiles,PRD24
Toys,25,Wooden Building Blocks,PRD25
Toys,26,Tinkertoy Construction Set,PRD26
Toys,27,Marble Run Set,PRD27
Toys,28,Lincoln Logs Set,PRD28
Toys,29,STEM Building Kit,PRD29
Toys,30,Robot Construction Kit,PRD30
Toys,31,Construction Vehicle Set,PRD31
Toys,32,3D Puzzle Building Kit,PRD32
Toys,33,Fort Building Kit,PRD33
Toys,34,Construction Playset,PRD34
Toys,35,Gear Building Set,PRD35
Toys,36,Electric Circuit Building Set,PRD36
Toys,37,Bridge Building Set,PRD37
Toys,38,Space Station Building Kit,PRD38
Toys,39,Pirate Ship Building Kit,PRD39
Toys,40,Castle Building Set,PRD40
Toys,41,Alphabet Blocks,PRD41
Toys,42,Number Puzzle,PRD42
Toys,43,Shape Sorter,PRD43
Toys,44,Counting Beads,PRD44
Toys,45,Flash Cards,PRD45
Toys,46,Science Experiment Kit,PRD46
Toys,47,Anatomy Model Kit,PRD47
Toys,48,Globe Puzzle,PRD48
Toys,49,Math Manipulatives,PRD49
Toys,50,Coding Robot,PRD50
Toys,51,Geography Puzzle,PRD51
Toys,52,Solar System Model,PRD52
Toys,53,Chemistry Set,PRD53
Toys,54,Microscope Set,PRD54
Toys,55,Magnetic Letters and Numbers,PRD55
Toys,56,Educational Tablet,PRD56
Toys,57,Music Learning Toy,PRD57
Toys,58,Bilingual Learning Toy,PRD58
Toys,59,Animal Sound Toy,PRD59
Toys,60,Interactive Learning Book,PRD60
Toys,61,Crayon Set,PRD61
Toys,62,Colored Pencils,PRD62
Toys,63,Watercolor Paint Set,PRD63
Toys,64,Finger Paints,PRD64
Toys,65,Coloring Books,PRD65
Toys,66,Craft Paper,PRD66
Toys,67,Scissors for Kids,PRD67
Toys,68,Glue Stick,PRD68
Toys,69,Bead Kit,PRD69
Toys,70,Jewelry Making Kit,PRD70
Toys,71,Clay Modeling Set,PRD71
Toys,72,Play-Doh Set,PRD72
Toys,73,Stamping Kit,PRD73
Toys,74,Sticker Set,PRD74
Toys,75,Scrapbooking Kit,PRD75
Toys,76,Art Easel,PRD76
Toys,77,Sketch Pad,PRD77
Toys,78,Fabric Paint Set,PRD78
Toys,79,Sewing Kit for Kids,PRD79
Toys,80,Friendship Bracelet Kit,PRD80
Toys,81,Sandbox,PRD81
Toys,82,Swing Set,PRD82
Toys,83,Trampoline,PRD83
Toys,84,Slide,PRD84
Toys,85,Playhouse,PRD85
Toys,86,Climbing Frame,PRD86
Toys,87,Jump Rope,PRD87
Toys,88,Hula Hoop,PRD88
Toys,89,Soccer Ball,PRD89
Toys,90,Basketball Hoop,PRD90
Toys,91,Frisbee,PRD91
Toys,92,Kite,PRD92
Toys,93,Water Gun,PRD93
Toys,94,Beach Toys Set,PRD94
Toys,95,Skateboard,PRD95
Toys,96,Roller Skates,PRD96
Toys,97,Scooter,PRD97
Toys,98,Bouncy Ball,PRD98
Toys,99,Lawn Bowling Set,PRD99
Toys,100,Bubble Blower,PRD100
Toys,101,Remote Control Car,PRD101
Toys,102,Remote Control Helicopter,PRD102
Toys,103,Remote Control Boat,PRD103
Toys,104,Drone,PRD104
Toys,105,Electronic Learning Pad,PRD105
Toys,106,Interactive Robot,PRD106
Toys,107,Virtual Reality Headset,PRD107
Toys,108,Electronic Pet,PRD108
Toys,109,Light-Up Drawing Board,PRD109
Toys,110,Handheld Gaming Console,PRD110
Toys,111,Electronic Drum Set,PRD111
Toys,112,Dance Mat,PRD112
Toys,113,Karaoke Machine,PRD113
Toys,114,Tablet for Kids,PRD114
Toys,115,Digital Camera for Kids,PRD115
Toys,116,Walkie Talkies,PRD116
Toys,117,MP3 Player for Kids,PRD117
Toys,118,Electronic Keyboard,PRD118
Toys,119,Talking Toy,PRD119
Toys,120,Smartwatch for Kids,PRD120
Toys,121,Jigsaw Puzzle,PRD121
Toys,122,Chess Set,PRD122
Toys,123,Checkers Set,PRD123
Toys,124,Tic-Tac-Toe,PRD124
Toys,125,Board Game,PRD125
Toys,126,Card Game,PRD126
Toys,127,Memory Matching Game,PRD127
Toys,128,Strategy Game,PRD128
Toys,129,Dominoes Set,PRD129
Toys,130,Sudoku Puzzle,PRD130
Toys,131,Crossword Puzzle,PRD131
Toys,132,Word Search Puzzle,PRD132
Toys,133,Trivia Game,PRD133
Toys,134,Building Puzzle,PRD134
Toys,135,3D Puzzle,PRD135
Toys,136,Puzzle Cube,PRD136
Toys,137,Maze Puzzle,PRD137
Toys,138,Tangram Puzzle,PRD138
Toys,139,Hidden Object Game,PRD139
Toys,140,Bingo Game,PRD140
Toys,141,Kitchen Playset,PRD141
Toys,142,Doctor Kit,PRD142
Toys,143,Tool Set,PRD143
Toys,144,Play Money and Cash Register,PRD144
Toys,145,Supermarket Playset,PRD145
Toys,146,Tea Party Set,PRD146
Toys,147,Dress-Up Costumes,PRD147
Toys,148,Puppet Theater,PRD148
Toys,149,Firefighter Playset,PRD149
Toys,150,Police Officer Playset,PRD150
Toys,151,Pirate Ship Playset,PRD151
Toys,152,Farm Playset,PRD152
Toys,153,Doll Stroller,PRD153
Toys,154,Play Food Set,PRD154
Toys,155,Magic Set,PRD155
Toys,156,Cleaning Playset,PRD156
Toys,157,Beauty Salon Playset,PRD157
Toys,158,Workshop Playset,PRD158
Toys,159,Animal Vet Playset,PRD159
Toys,160,Train Set,PRD160
Toys,161,Xylophone,PRD161
Toys,162,Toy Piano,PRD162
Toys,163,Drum Set,PRD163
Toys,164,Guitar,PRD164
Toys,165,Harmonica,PRD165
Toys,166,Tambourine,PRD166
Toys,167,Maracas,PRD167
Toys,168,Musical Mat,PRD168
Toys,169,Karaoke Microphone,PRD169
Toys,170,Flute,PRD170
Toys,171,Saxophone,PRD171
Toys,172,Violin,PRD172
Toys,173,Accordion,PRD173
Toys,174,Trumpet,PRD174
Toys,175,Castanets,PRD175
Toys,176,Bells,PRD176
Toys,177,Chimes,PRD177
Toys,178,Musical Walker,PRD178
Toys,179,Musical Plush Toy,PRD179
Toys,180,180. Music Box,PRD180
Toys,181,Baseball Glove,PRD181
Toys,182,Baseball Bat,PRD182
Toys,183,Tennis Racket,PRD183
Toys,184,Badminton Set,PRD184
Toys,185,Golf Set,PRD185
Toys,186,Fishing Rod,PRD186
Toys,187,Archery Set,PRD187
Toys,188,Bowling Set,PRD188
Toys,189,Dodgeball,PRD189
Toys,190,Hockey Stick,PRD190
Toys,191,Hockey Goal Set,PRD191
Toys,192,Basketball,PRD192
Toys,193,Volleyball,PRD193
Toys,194,Football,PRD194
Toys,195,Ping Pong Set,PRD195
Toys,196,Pool Noodle,PRD196
Toys,197,Pogo Stick,PRD197
Toys,198,Sled,PRD198
Toys,199,Snowboard,PRD199
Toys,200,Surfboard,PRD200
Groceries,1,Apples,PRD1
Groceries,2,Bananas,PRD2
Groceries,3,Oranges,PRD3
Groceries,4,Strawberries,PRD4
Groceries,5,Blueberries,PRD5
Groceries,6,Grapes,PRD6
Groceries,7,Lemons,PRD7
Groceries,8,Limes,PRD8
Groceries,9,Peaches,PRD9
Groceries,10,Plums,PRD10
Groceries,11,Cherries,PRD11
Groceries,12,Watermelon,PRD12
Groceries,13,Cantaloupe,PRD13
Groceries,14,Pineapple,PRD14
Groceries,15,Avocados,PRD15
Groceries,16,Tomatoes,PRD16
Groceries,17,Cucumbers,PRD17
Groceries,18,Bell Peppers,PRD18
Groceries,19,Carrots,PRD19
Groceries,20,Broccoli,PRD20
Groceries,21,Cauliflower,PRD21
Groceries,22,Spinach,PRD22
Groceries,23,Lettuce,PRD23
Groceries,24,Kale,PRD24
Groceries,25,Zucchini,PRD25
Groceries,26,Squash,PRD26
Groceries,27,Potatoes,PRD27
Groceries,28,Sweet Potatoes,PRD28
Groceries,29,Onions,PRD29
Groceries,30,Garlic,PRD30
Groceries,31,Ginger,PRD31
Groceries,32,Mushrooms,PRD32
Groceries,33,Asparagus,PRD33
Groceries,34,Green Beans,PRD34
Groceries,35,Peas,PRD35
Groceries,36,Corn,PRD36
Groceries,37,Celery,PRD37
Groceries,38,Radishes,PRD38
Groceries,39,Beets,PRD39
Groceries,40,Brussels Sprouts,PRD40
Groceries,41,Whole Milk,PRD41
Groceries,42,2% Milk,PRD42
Groceries,43,Skim Milk,PRD43
Groceries,44,Almond Milk,PRD44
Groceries,45,Soy Milk,PRD45
Groceries,46,Oat Milk,PRD46
Groceries,47,Butter,PRD47
Groceries,48,Margarine,PRD48
Groceries,49,Cheddar Cheese,PRD49
Groceries,50,Mozzarella Cheese,PRD50
Groceries,51,Swiss Cheese,PRD51
Groceries,52,Blue Cheese,PRD52
Groceries,53,Cream Cheese,PRD53
Groceries,54,Cottage Cheese,PRD54
Groceries,55,Greek Yogurt,PRD55
Groceries,56,Regular Yogurt,PRD56
Groceries,57,Sour Cream,PRD57
Groceries,58,Heavy Cream,PRD58
Groceries,59,Half and Half,PRD59
Groceries,60,Whipped Cream,PRD60
Groceries,61,Ice Cream,PRD61
Groceries,62,Frozen Yogurt,PRD62
Groceries,63,Kefir,PRD63
Groceries,64,Buttermilk,PRD64
Groceries,65,String Cheese,PRD65
Groceries,66,Colby Jack Cheese,PRD66
Groceries,67,Feta Cheese,PRD67
Groceries,68,Brie Cheese,PRD68
Groceries,69,Ricotta Cheese,PRD69
Groceries,70,Parmesan Cheese,PRD70
Groceries,71,Chicken Breasts,PRD71
Groceries,72,Chicken Thighs,PRD72
Groceries,73,Ground Beef,PRD73
Groceries,74,Steak,PRD74
Groceries,75,Pork Chops,PRD75
Groceries,76,Bacon,PRD76
Groceries,77,Sausages,PRD77
Groceries,78,Ground Turkey,PRD78
Groceries,79,Turkey Breast,PRD79
Groceries,80,Ham,PRD80
Groceries,81,Salami,PRD81
Groceries,82,Pepperoni,PRD82
Groceries,83,Lamb Chops,PRD83
Groceries,84,Salmon Fillets,PRD84
Groceries,85,Shrimp,PRD85
Groceries,86,Tilapia Fillets,PRD86
Groceries,87,Tuna,PRD87
Groceries,88,Crab Legs,PRD88
Groceries,89,Scallops,PRD89
Groceries,90,Mussels,PRD90
Groceries,91,White Rice,PRD91
Groceries,92,Brown Rice,PRD92
Groceries,93,Jasmine Rice,PRD93
Groceries,94,Basmati Rice,PRD94
Groceries,95,Quinoa,PRD95
Groceries,96,Pasta,PRD96
Groceries,97,Spaghetti,PRD97
Groceries,98,Macaroni,PRD98
Groceries,99,Lasagna Noodles,PRD99
Groceries,100,Egg Noodles,PRD100
Groceries,101,Canned Tomatoes,PRD101
Groceries,102,Tomato Sauce,PRD102
Groceries,103,Canned Beans,PRD103
Groceries,104,Canned Corn,PRD104
Groceries,105,Canned Peas,PRD105
Groceries,106,Canned Tuna,PRD106
Groceries,107,Canned Chicken,PRD107
Groceries,108,Peanut Butter,PRD108
Groceries,109,Almond Butter,PRD109
Groceries,110,Jelly,PRD110
Groceries,111,Honey,PRD111
Groceries,112,Maple Syrup,PRD112
Groceries,113,Flour,PRD113
Groceries,114,Sugar,PRD114
Groceries,115,Brown Sugar,PRD115
Groceries,116,Powdered Sugar,PRD116
Groceries,117,Baking Soda,PRD117
Groceries,118,Baking Powder,PRD118
Groceries,119,Cornstarch,PRD119
Groceries,120,Olive Oil,PRD120
Groceries,121,Vegetable Oil,PRD121
Groceries,122,Canola Oil,PRD122
Groceries,123,Coconut Oil,PRD123
Groceries,124,Vinegar,PRD124
Groceries,125,Apple Cider Vinegar,PRD125
Groceries,126,Balsamic Vinegar,PRD126
Groceries,127,Soy Sauce,PRD127
Groceries,128,Worcestershire Sauce,PRD128
Groceries,129,Hot Sauce,PRD129
Groceries,130,Barbecue Sauce,PRD130
Groceries,131,White Bread,PRD131
Groceries,132,Whole Wheat Bread,PRD132
Groceries,133,Multigrain Bread,PRD133
Groceries,134,Sourdough Bread,PRD134
Groceries,135,Rye Bread,PRD135
Groceries,136,Baguette,PRD136
Groceries,137,English Muffins,PRD137
Groceries,138,Bagels,PRD138
Groceries,139,Croissants,PRD139
Groceries,140,Muffins,PRD140
Groceries,141,Donuts,PRD141
Groceries,142,Tortillas,PRD142
Groceries,143,Pita Bread,PRD143
Groceries,144,Naan,PRD144
Groceries,145,Breadsticks,PRD145
Groceries,146,Hamburger Buns,PRD146
Groceries,147,Hot Dog Buns,PRD147
Groceries,148,Dinner Rolls,PRD148
Groceries,149,Biscotti,PRD149
Groceries,150,Crackers,PRD150
Groceries,151,Bottled Water,PRD151
Groceries,152,Sparkling Water,PRD152
Groceries,153,Coconut Water,PRD153
Groceries,154,Orange Juice,PRD154
Groceries,155,Apple Juice,PRD155
Groceries,156,Grape Juice,PRD156
Groceries,157,Cranberry Juice,PRD157
Groceries,158,Lemonade,PRD158
Groceries,159,Iced Tea,PRD159
Groceries,160,Sweet Tea,PRD160
Groceries,161,Green Tea,PRD161
Groceries,162,Black Tea,PRD162
Groceries,163,Herbal Tea,PRD163
Groceries,164,Coffee Beans,PRD164
Groceries,165,Ground Coffee,PRD165
Groceries,166,Instant Coffee,PRD166
Groceries,167,Espresso,PRD167
Groceries,168,Cold Brew Coffee,PRD168
Groceries,169,Energy Drinks,PRD169
Groceries,170,Soda,PRD170
Groceries,171,Diet Soda,PRD171
Groceries,172,Sports Drinks,PRD172
Groceries,173,Protein Shakes,PRD173
Groceries,174,Milkshakes,PRD174
Groceries,175,Smoothies,PRD175
Groceries,176,Beer,PRD176
Groceries,177,Wine,PRD177
Groceries,178,Champagne,PRD178
Groceries,179,Whiskey,PRD179
Groceries,180,Vodka,PRD180
Groceries,181,Potato Chips,PRD181
Groceries,182,Tortilla Chips,PRD182
Groceries,183,Pretzels,PRD183
Groceries,184,Popcorn,PRD184
Groceries,185,Cheese Puffs,PRD185
Groceries,186,Crackers,PRD186
Groceries,187,Granola Bars,PRD187
Groceries,188,Protein Bars,PRD188
Groceries,189,Fruit Snacks,PRD189
Groceries,190,Trail Mix,PRD190
Groceries,191,Mixed Nuts,PRD191
Groceries,192,Almonds,PRD192
Groceries,193,Cashews,PRD193
Groceries,194,Peanuts,PRD194
Groceries,195,Walnuts,PRD195
Groceries,196,Pistachios,PRD196
Groceries,197,Sunflower Seeds,PRD197
Groceries,198,Pumpkin Seeds,PRD198
Groceries,199,Chocolate Bars,PRD199
Groceries,200,Gummy Bears,PRD200
Pet Supplies,1,Dog Food,PRD1
Pet Supplies,2,Dog Treats,PRD2
Pet Supplies,3,Dog Chew Toys,PRD3
Pet Supplies,4,Dog Beds,PRD4
Pet Supplies,5,Dog Crates,PRD5
Pet Supplies,6,Dog Collars,PRD6
Pet Supplies,7,Dog Leashes,PRD7
Pet Supplies,8,Dog Harnesses,PRD8
Pet Supplies,9,Dog Bowls,PRD9
Pet Supplies,10,Dog Water Dispensers,PRD10
Pet Supplies,11,Dog Grooming Brushes,PRD11
Pet Supplies,12,Dog Shampoo,PRD12
Pet Supplies,13,Dog Conditioner,PRD13
Pet Supplies,14,Dog Nail Clippers,PRD14
Pet Supplies,15,Dog Dental Chews,PRD15
Pet Supplies,16,Dog Toothpaste,PRD16
Pet Supplies,17,Dog Toothbrush,PRD17
Pet Supplies,18,Dog Waste Bags,PRD18
Pet Supplies,19,Dog Waste Bag Dispensers,PRD19
Pet Supplies,20,Dog Pooper Scoopers,PRD20
Pet Supplies,21,Dog Training Pads,PRD21
Pet Supplies,22,Dog Training Clickers,PRD22
Pet Supplies,23,Dog Muzzles,PRD23
Pet Supplies,24,Dog Clothing,PRD24
Pet Supplies,25,Dog Coats,PRD25
Pet Supplies,26,Dog Boots,PRD26
Pet Supplies,27,Dog Life Jackets,PRD27
Pet Supplies,28,Dog Carriers,PRD28
Pet Supplies,29,Dog Travel Bowls,PRD29
Pet Supplies,30,Dog Seat Belts,PRD30
Pet Supplies,31,Dog Strollers,PRD31
Pet Supplies,32,Dog Playpens,PRD32
Pet Supplies,33,Dog Gates,PRD33
Pet Supplies,34,Dog Outdoor Kennels,PRD34
Pet Supplies,35,Dog Houses,PRD35
Pet Supplies,36,Dog Cooling Mats,PRD36
Pet Supplies,37,Dog Heating Pads,PRD37
Pet Supplies,38,Dog Flea Collars,PRD38
Pet Supplies,39,Dog Flea and Tick Treatments,PRD39
Pet Supplies,40,Dog Ear Cleaners,PRD40
Pet Supplies,41,Cat Food,PRD41
Pet Supplies,42,Cat Treats,PRD42
Pet Supplies,43,Catnip,PRD43
Pet Supplies,44,Cat Toys,PRD44
Pet Supplies,45,Cat Trees,PRD45
Pet Supplies,46,Cat Scratching Posts,PRD46
Pet Supplies,47,Cat Beds,PRD47
Pet Supplies,48,Cat Litter,PRD48
Pet Supplies,49,Cat Litter Boxes,PRD49
Pet Supplies,50,Cat Litter Scoops,PRD50
Pet Supplies,51,Cat Litter Mats,PRD51
Pet Supplies,52,Cat Bowls,PRD52
Pet Supplies,53,Cat Water Fountains,PRD53
Pet Supplies,54,Cat Collars,PRD54
Pet Supplies,55,Cat Harnesses,PRD55
Pet Supplies,56,Cat Leashes,PRD56
Pet Supplies,57,Cat Carriers,PRD57
Pet Supplies,58,Cat Brushes,PRD58
Pet Supplies,59,Cat Combs,PRD59
Pet Supplies,60,Cat Nail Clippers,PRD60
Pet Supplies,61,Cat Shampoo,PRD61
Pet Supplies,62,Cat Conditioner,PRD62
Pet Supplies,63,Cat Toothpaste,PRD63
Pet Supplies,64,Cat Toothbrushes,PRD64
Pet Supplies,65,Cat Flea Collars,PRD65
Pet Supplies,66,Cat Flea and Tick Treatments,PRD66
Pet Supplies,67,Cat Ear Cleaners,PRD67
Pet Supplies,68,Cat Hairball Remedies,PRD68
Pet Supplies,69,Cat Calming Sprays,PRD69
Pet Supplies,70,Cat Furniture Protectors,PRD70
Pet Supplies,71,Cat Window Perches,PRD71
Pet Supplies,72,Cat Doors,PRD72
Pet Supplies,73,Cat Grass Kits,PRD73
Pet Supplies,74,Cat Tunnels,PRD74
Pet Supplies,75,Cat Playpens,PRD75
Pet Supplies,76,Cat Hammocks,PRD76
Pet Supplies,77,Cat Trees with Hammocks,PRD77
Pet Supplies,78,Cat Scratcher Lounges,PRD78
Pet Supplies,79,Cat Puzzle Toys,PRD79
Pet Supplies,80,Cat Laser Pointers,PRD80
Pet Supplies,81,Bird Food,PRD81
Pet Supplies,82,Bird Treats,PRD82
Pet Supplies,83,Bird Cages,PRD83
Pet Supplies,84,Bird Cage Liners,PRD84
Pet Supplies,85,Bird Perches,PRD85
Pet Supplies,86,Bird Toys,PRD86
Pet Supplies,87,Bird Swings,PRD87
Pet Supplies,88,Bird Baths,PRD88
Pet Supplies,89,Bird Feeders,PRD89
Pet Supplies,90,Bird Waterers,PRD90
Pet Supplies,91,Bird Cage Covers,PRD91
Pet Supplies,92,Bird Nesting Boxes,PRD92
Pet Supplies,93,Bird Nesting Material,PRD93
Pet Supplies,94,Bird Vitamins,PRD94
Pet Supplies,95,Bird Supplements,PRD95
Pet Supplies,96,Bird Grooming Kits,PRD96
Pet Supplies,97,Bird Nail Clippers,PRD97
Pet Supplies,98,Bird Cage Stands,PRD98
Pet Supplies,99,Bird Transport Carriers,PRD99
Pet Supplies,100,Bird Play Gyms,PRD100
Pet Supplies,101,Fish Tanks,PRD101
Pet Supplies,102,Fish Tank Stands,PRD102
Pet Supplies,103,Fish Food,PRD103
Pet Supplies,104,Fish Tank Filters,PRD104
Pet Supplies,105,Fish Tank Heaters,PRD105
Pet Supplies,106,Fish Tank Thermometers,PRD106
Pet Supplies,107,Fish Tank Lights,PRD107
Pet Supplies,108,Fish Tank Decorations,PRD108
Pet Supplies,109,Aquarium Plants,PRD109
Pet Supplies,110,Fish Tank Gravel,PRD110
Pet Supplies,111,Fish Tank Air Pumps,PRD111
Pet Supplies,112,Fish Tank Air Stones,PRD112
Pet Supplies,113,Fish Nets,PRD113
Pet Supplies,114,Fish Tank Cleaning Tools,PRD114
Pet Supplies,115,Fish Tank Water Conditioners,PRD115
Pet Supplies,116,Fish Tank Test Kits,PRD116
Pet Supplies,117,Fish Medication,PRD117
Pet Supplies,118,Fish Breeding Supplies,PRD118
Pet Supplies,119,Fish Tank Dividers,PRD119
Pet Supplies,120,Fish Tank Hoods,PRD120
Pet Supplies,121,Reptile Food,PRD121
Pet Supplies,122,Reptile Treats,PRD122
Pet Supplies,123,Reptile Tanks,PRD123
Pet Supplies,124,Reptile Tank Stands,PRD124
Pet Supplies,125,Reptile Bedding,PRD125
Pet Supplies,126,Reptile Substrate,PRD126
Pet Supplies,127,Reptile Heating Lamps,PRD127
Pet Supplies,128,Reptile UVB Lights,PRD128
Pet Supplies,129,Reptile Humidifiers,PRD129
Pet Supplies,130,Reptile Misting Systems,PRD130
Pet Supplies,131,Reptile Thermometers,PRD131
Pet Supplies,132,Reptile Hygrometers,PRD132
Pet Supplies,133,Reptile Hides,PRD133
Pet Supplies,134,Reptile Water Bowls,PRD134
Pet Supplies,135,Reptile Food Bowls,PRD135
Pet Supplies,136,Reptile Climbing Branches,PRD136
Pet Supplies,137,Reptile Vines,PRD137
Pet Supplies,138,Reptile Caves,PRD138
Pet Supplies,139,Reptile Plants,PRD139
Pet Supplies,140,Reptile Tank Decorations,PRD140
Pet Supplies,141,Small Animal Food,PRD141
Pet Supplies,142,Small Animal Treats,PRD142
Pet Supplies,143,Small Animal Cages,PRD143
Pet Supplies,144,Small Animal Cage Liners,PRD144
Pet Supplies,145,Small Animal Bedding,PRD145
Pet Supplies,146,Small Animal Hideouts,PRD146
Pet Supplies,147,Small Animal Tunnels,PRD147
Pet Supplies,148,Small Animal Exercise Wheels,PRD148
Pet Supplies,149,Small Animal Playpens,PRD149
Pet Supplies,150,Small Animal Water Bottles,PRD150
Pet Supplies,151,Small Animal Food Bowls,PRD151
Pet Supplies,152,Small Animal Toys,PRD152
Pet Supplies,153,Small Animal Chew Toys,PRD153
Pet Supplies,154,Small Animal Grooming Brushes,PRD154
Pet Supplies,155,Small Animal Nail Clippers,PRD155
Pet Supplies,156,Small Animal Carriers,PRD156
Pet Supplies,157,Small Animal Leashes,PRD157
Pet Supplies,158,Small Animal Harnesses,PRD158
Pet Supplies,159,Small Animal Hay,PRD159
Pet Supplies,160,Small Animal Litter,PRD160
Pet Supplies,161,Pet First Aid Kits,PRD161
Pet Supplies,162,Pet Supplements,PRD162
Pet Supplies,163,Pet Vitamins,PRD163
Pet Supplies,164,Pet Eye Wipes,PRD164
Pet Supplies,165,Pet Ear Wipes,PRD165
Pet Supplies,166,Pet Stain and Odor Removers,PRD166
Pet Supplies,167,Pet Deodorizers,PRD167
Pet Supplies,168,Pet Allergy Relief,PRD168
Pet Supplies,169,Pet Skin and Coat Supplements,PRD169
Pet Supplies,170,Pet Joint Supplements,PRD170
Pet Supplies,171,Pet Calming Treats,PRD171
Pet Supplies,172,Pet Pill Pockets,PRD172
Pet Supplies,173,Pet Probiotics,PRD173
Pet Supplies,174,Pet Digestive Enzymes,PRD174
Pet Supplies,175,Pet Water Filters,PRD175
Pet Supplies,176,Pet Travel Crates,PRD176
Pet Supplies,177,Pet Travel Bowls,PRD177
Pet Supplies,178,Pet Travel Beds,PRD178
Pet Supplies,179,Pet Travel Bags,PRD179
Pet Supplies,180,Pet Travel Kennels,PRD180
Pet Supplies,181,Pet Hair Removers,PRD181
Pet Supplies,182,Pet Hair Vacuums,PRD182
Pet Supplies,183,Pet Hair Rollers,PRD183
Pet Supplies,184,Pet Hair Gloves,PRD184
Pet Supplies,185,Pet Hair Brooms,PRD185
Pet Supplies,186,Pet Grooming Wipes,PRD186
Pet Supplies,187,Pet Bathing Supplies,PRD187
Pet Supplies,188,Pet Grooming Tables,PRD188
Pet Supplies,189,Pet Bath Tubs,PRD189
Pet Supplies,190,Pet Dryers,PRD190
Pet Supplies,191,Pet Clippers,PRD191
Pet Supplies,192,Pet Scissors,PRD192
Pet Supplies,193,Pet Shedding Tools,PRD193
Pet Supplies,194,Pet Deshedding Brushes,PRD194
Pet Supplies,195,Pet Grooming Combs,PRD195
Pet Supplies,196,Pet Slicker Brushes,PRD196
Pet Supplies,197,Pet Grooming Sprays,PRD197
Pet Supplies,198,Pet Cologne,PRD198
Pet Supplies,199,Pet Grooming Kits,PRD199
Pet Supplies,200,Pet Grooming Aprons,PRD200
Electronics,1,Over-Ear Headphones,PRD1
Electronics,2,In-Ear Headphones,PRD2
Electronics,3,Wireless Earbuds,PRD3
Electronics,4,Bluetooth Speakers,PRD4
Electronics,5,Smart Speakers,PRD5
Electronics,6,Home Theater Systems,PRD6
Electronics,7,Soundbars,PRD7
Electronics,8,Subwoofers,PRD8
Electronics,9,AV Receivers,PRD9
Electronics,10,Turntables,PRD10
Electronics,11,CD Players,PRD11
Electronics,12,Vinyl Records,PRD12
Electronics,13,Home Audio Amplifiers,PRD13
Electronics,14,Portable Speakers,PRD14
Electronics,15,Noise-Canceling Headphones,PRD15
Electronics,16,Studio Monitors,PRD16
Electronics,17,Microphones,PRD17
Electronics,18,Audio Mixers,PRD18
Electronics,19,Headphone Amplifiers,PRD19
Electronics,20,Digital Audio Players,PRD20
Electronics,21,LED TVs,PRD21
Electronics,22,OLED TVs,PRD22
Electronics,23,QLED TVs,PRD23
Electronics,24,4K Ultra HD TVs,PRD24
Electronics,25,8K TVs,PRD25
Electronics,26,Smart TVs,PRD26
Electronics,27,TV Mounts,PRD27
Electronics,28,TV Stands,PRD28
Electronics,29,Streaming Devices,PRD29
Electronics,30,Blu-ray Players,PRD30
Electronics,31,DVD Players,PRD31
Electronics,32,Universal Remotes,PRD32
Electronics,33,Projectors,PRD33
Electronics,34,Projector Screens,PRD34
Electronics,35,TV Antennas,PRD35
Electronics,36,Cable Boxes,PRD36
Electronics,37,DVRs,PRD37
Electronics,38,Media Streaming Sticks,PRD38
Electronics,39,Home Theater Seating,PRD39
Electronics,40,TV Calibration Tools,PRD40
Electronics,41,Laptops,PRD41
Electronics,42,Desktop Computers,PRD42
Electronics,43,All-in-One Computers,PRD43
Electronics,44,Gaming Laptops,PRD44
Electronics,45,Gaming Desktops,PRD45
Electronics,46,Monitors,PRD46
Electronics,47,Keyboards,PRD47
Electronics,48,Mice,PRD48
Electronics,49,Mouse Pads,PRD49
Electronics,50,Laptop Bags,PRD50
Electronics,51,Laptop Stands,PRD51
Electronics,52,Docking Stations,PRD52
Electronics,53,External Hard Drives,PRD53
Electronics,54,SSDs,PRD54
Electronics,55,USB Flash Drives,PRD55
Electronics,56,Memory Cards,PRD56
Electronics,57,Computer Speakers,PRD57
Electronics,58,Webcams,PRD58
Electronics,59,Headsets,PRD59
Electronics,60,Graphic Tablets,PRD60
Electronics,61,Smartphones,PRD61
Electronics,62,Tablets,PRD62
Electronics,63,E-Readers,PRD63
Electronics,64,Smartwatches,PRD64
Electronics,65,Fitness Trackers,PRD65
Electronics,66,Smartphone Cases,PRD66
Electronics,67,Tablet Cases,PRD67
Electronics,68,Screen Protectors,PRD68
Electronics,69,Portable Chargers,PRD69
Electronics,70,Charging Cables,PRD70
Electronics,71,Wireless Chargers,PRD71
Electronics,72,Car Chargers,PRD72
Electronics,73,Phone Mounts,PRD73
Electronics,74,Bluetooth Headsets,PRD74
Electronics,75,Pop Sockets,PRD75
Electronics,76,Styluses,PRD76
Electronics,77,Smart Rings,PRD77
Electronics,78,Mobile Hotspots,PRD78
Electronics,79,SIM Cards,PRD79
Electronics,80,Phone Cleaning Kits,PRD80
Electronics,81,DSLRs,PRD81
Electronics,82,Mirrorless Cameras,PRD82
Electronics,83,Point-and-Shoot Cameras,PRD83
Electronics,84,Action Cameras,PRD84
Electronics,85,Camcorders,PRD85
Electronics,86,Camera Lenses,PRD86
Electronics,87,Tripods,PRD87
Electronics,88,Camera Bags,PRD88
Electronics,89,Memory Cards for Cameras,PRD89
Electronics,90,Camera Batteries,PRD90
Electronics,91,Battery Chargers,PRD91
Electronics,92,Flash Units,PRD92
Electronics,93,Light Meters,PRD93
Electronics,94,Camera Straps,PRD94
Electronics,95,Lens Filters,PRD95
Electronics,96,Lens Hoods,PRD96
Electronics,97,Camera Cleaning Kits,PRD97
Electronics,98,Gimbals,PRD98
Electronics,99,Drones,PRD99
Electronics,100,Photo Printers,PRD100
Electronics,101,Gaming Consoles,PRD101
Electronics,102,Gaming Controllers,PRD102
Electronics,103,Gaming Headsets,PRD103
Electronics,104,VR Headsets,PRD104
Electronics,105,Gaming Keyboards,PRD105
Electronics,106,Gaming Mice,PRD106
Electronics,107,Gaming Chairs,PRD107
Electronics,108,Gaming Desks,PRD108
Electronics,109,Game Capture Cards,PRD109
Electronics,110,Game Streaming Devices,PRD110
Electronics,111,Gaming Monitors,PRD111
Electronics,112,Console Skins,PRD112
Electronics,113,Controller Charging Stations,PRD113
Electronics,114,Game Storage Racks,PRD114
Electronics,115,Gaming Speakers,PRD115
Electronics,116,Racing Wheels,PRD116
Electronics,117,Flight Sim Controllers,PRD117
Electronics,118,Gaming Glasses,PRD118
Electronics,119,Gaming Mouse Pads,PRD119
Electronics,120,Gaming PC Cooling Systems,PRD120
Electronics,121,Smart Thermostats,PRD121
Electronics,122,Smart Light Bulbs,PRD122
Electronics,123,Smart Plugs,PRD123
Electronics,124,Smart Switches,PRD124
Electronics,125,Smart Doorbells,PRD125
Electronics,126,Smart Locks,PRD126
Electronics,127,Smart Security Cameras,PRD127
Electronics,128,Smart Home Hubs,PRD128
Electronics,129,Smart Sensors,PRD129
Electronics,130,Smart Smoke Detectors,PRD130
Electronics,131,Smart Water Leak Detectors,PRD131
Electronics,132,Smart Garage Door Openers,PRD132
Electronics,133,Smart Irrigation Controllers,PRD133
Electronics,134,Smart Blinds,PRD134
Electronics,135,Smart Speakers,PRD135
Electronics,136,Smart Displays,PRD136
Electronics,137,Smart Vacuums,PRD137
Electronics,138,Smart Air Purifiers,PRD138
Electronics,139,Smart Pet Feeders,PRD139
Electronics,140,Smart Coffee Makers,PRD140
Electronics,141,Wi-Fi Routers,PRD141
Electronics,142,Modems,PRD142
Electronics,143,Mesh Wi-Fi Systems,PRD143
Electronics,144,Range Extenders,PRD144
Electronics,145,Powerline Adapters,PRD145
Electronics,146,Network Switches,PRD146
Electronics,147,Ethernet Cables,PRD147
Electronics,148,Network Attached Storage (NAS),PRD148
Electronics,149,Wi-Fi Adapters,PRD149
Electronics,150,Signal Boosters,PRD150
Electronics,151,Network Security Cameras,PRD151
Electronics,152,VPN Routers,PRD152
Electronics,153,Wireless Access Points,PRD153
Electronics,154,Network Analyzers,PRD154
Electronics,155,PoE Injectors,PRD155
Electronics,156,Fiber Optic Cables,PRD156
Electronics,157,Network Testing Tools,PRD157
Electronics,158,Ethernet Splitters,PRD158
Electronics,159,Network Racks,PRD159
Electronics,160,Cable Organizers,PRD160
Electronics,161,Printers,PRD161
Electronics,162,All-in-One Printers,PRD162
Electronics,163,Scanners,PRD163
Electronics,164,Fax Machines,PRD164
Electronics,165,Shredders,PRD165
Electronics,166,Label Makers,PRD166
Electronics,167,Projectors,PRD167
Electronics,168,Projector Screens,PRD168
Electronics,169,Document Cameras,PRD169
Electronics,170,Office Telephones,PRD170
Electronics,171,Conference Phones,PRD171
Electronics,172,Office Headsets,PRD172
Electronics,173,Whiteboards,PRD173
Electronics,174,Laminators,PRD174
Electronics,175,Binding Machines,PRD175
Electronics,176,Office Presentation Remotes,PRD176
Electronics,177,Time Clocks,PRD177
Electronics,178,Cash Registers,PRD178
Electronics,179,Office Calculators,PRD179
Electronics,180,Office Copiers,PRD180
Electronics,181,Digital Thermometers,PRD181
Electronics,182,Blood Pressure Monitors,PRD182
Electronics,183,Glucometers,PRD183
Electronics,184,Pulse Oximeters,PRD184
Electronics,185,Smart Scales,PRD185
Electronics,186,Electric Toothbrushes,PRD186
Electronics,187,Water Flossers,PRD187
Electronics,188,Hair Dryers,PRD188
Electronics,189,Hair Straighteners,PRD189
Electronics,190,Electric Shavers,PRD190
Electronics,191,Beard Trimmers,PRD191
Electronics,192,Massagers,PRD192
Electronics,193,Foot Massagers,PRD193
Electronics,194,Humidifiers,PRD194
Electronics,195,Air Purifiers,PRD195
Electronics,196,Sleep Trackers,PRD196
Electronics,197,Hearing Aids,PRD197
Electronics,198,Fitness Trackers,PRD198
Electronics,199,Smart Water Bottles,PRD199
Electronics,200,UV Sanitizers,PRD200
Clothing,1,T-Shirts,PRD1
Clothing,2,Polo Shirts,PRD2
Clothing,3,Dress Shirts,PRD3
Clothing,4,Casual Shirts,PRD4
Clothing,5,Tank Tops,PRD5
Clothing,6,Sweaters,PRD6
Clothing,7,Hoodies,PRD7
Clothing,8,Blazers,PRD8
Clothing,9,Suits,PRD9
Clothing,10,Jackets,PRD10
Clothing,11,Coats,PRD11
Clothing,12,Vests,PRD12
Clothing,13,Jeans,PRD13
Clothing,14,Chinos,PRD14
Clothing,15,Dress Pants,PRD15
Clothing,16,Casual Pants,PRD16
Clothing,17,Shorts,PRD17
Clothing,18,Cargo Pants,PRD18
Clothing,19,Joggers,PRD19
Clothing,20,Sweatpants,PRD20
Clothing,21,T-Shirts,PRD21
Clothing,22,Blouses,PRD22
Clothing,23,Tank Tops,PRD23
Clothing,24,Sweaters,PRD24
Clothing,25,Cardigans,PRD25
Clothing,26,Hoodies,PRD26
Clothing,27,Dresses,PRD27
Clothing,28,Skirts,PRD28
Clothing,29,Jeans,PRD29
Clothing,30,Leggings,PRD30
Clothing,31,Trousers,PRD31
Clothing,32,Shorts,PRD32
Clothing,33,Jumpsuits,PRD33
Clothing,34,Rompers,PRD34
Clothing,35,Suits,PRD35
Clothing,36,Blazers,PRD36
Clothing,37,Jackets,PRD37
Clothing,38,Coats,PRD38
Clothing,39,Vests,PRD39
Clothing,40,Capris,PRD40
Clothing,41,T-Shirts,PRD41
Clothing,42,Polo Shirts,PRD42
Clothing,43,Dresses,PRD43
Clothing,44,Skirts,PRD44
Clothing,45,Jeans,PRD45
Clothing,46,Leggings,PRD46
Clothing,47,Shorts,PRD47
Clothing,48,Hoodies,PRD48
Clothing,49,Sweaters,PRD49
Clothing,50,Jackets,PRD50
Clothing,51,Coats,PRD51
Clothing,52,Pajamas,PRD52
Clothing,53,Onesies,PRD53
Clothing,54,Rompers,PRD54
Clothing,55,Overalls,PRD55
Clothing,56,Uniforms,PRD56
Clothing,57,Swimsuits,PRD57
Clothing,58,Activewear,PRD58
Clothing,59,Underwear,PRD59
Clothing,60,Socks,PRD60
Clothing,61,Sneakers,PRD61
Clothing,62,Running Shoes,PRD62
Clothing,63,Dress Shoes,PRD63
Clothing,64,Casual Shoes,PRD64
Clothing,65,Sandals,PRD65
Clothing,66,Flip Flops,PRD66
Clothing,67,Boots,PRD67
Clothing,68,Ankle Boots,PRD68
Clothing,69,Knee-High Boots,PRD69
Clothing,70,Hiking Boots,PRD70
Clothing,71,Loafers,PRD71
Clothing,72,Boat Shoes,PRD72
Clothing,73,Ballet Flats,PRD73
Clothing,74,Espadrilles,PRD74
Clothing,75,Heels,PRD75
Clothing,76,Wedges,PRD76
Clothing,77,Oxfords,PRD77
Clothing,78,Brogues,PRD78
Clothing,79,Slip-Ons,PRD79
Clothing,80,Slippers,PRD80
Clothing,81,Rain Jackets,PRD81
Clothing,82,Windbreakers,PRD82
Clothing,83,Bomber Jackets,PRD83
Clothing,84,Denim Jackets,PRD84
Clothing,85,Leather Jackets,PRD85
Clothing,86,Parkas,PRD86
Clothing,87,Peacoats,PRD87
Clothing,88,Trench Coats,PRD88
Clothing,89,Puffer Jackets,PRD89
Clothing,90,Ski Jackets,PRD90
Clothing,91,Snow Pants,PRD91
Clothing,92,Vests,PRD92
Clothing,93,Ponchos,PRD93
Clothing,94,Capes,PRD94
Clothing,95,Anoraks,PRD95
Clothing,96,Fleece Jackets,PRD96
Clothing,97,Down Jackets,PRD97
Clothing,98,Quilted Jackets,PRD98
Clothing,99,Military Jackets,PRD99
Clothing,100,Double-Breasted Coats,PRD100
Clothing,101,Sports Bras,PRD101
Clothing,102,Workout Tanks,PRD102
Clothing,103,Workout Tees,PRD103
Clothing,104,Leggings,PRD104
Clothing,105,Yoga Pants,PRD105
Clothing,106,Track Pants,PRD106
Clothing,107,Gym Shorts,PRD107
Clothing,108,Compression Shorts,PRD108
Clothing,109,Running Shorts,PRD109
Clothing,110,Running Jackets,PRD110
Clothing,111,Sports Socks,PRD111
Clothing,112,Athletic Hoodies,PRD112
Clothing,113,Sweatbands,PRD113
Clothing,114,Athletic Shoes,PRD114
Clothing,115,Swim Trunks,PRD115
Clothing,116,Biking Shorts,PRD116
Clothing,117,Rash Guards,PRD117
Clothing,118,Ski Suits,PRD118
Clothing,119,Hiking Pants,PRD119
Clothing,120,Gym Bags,PRD120
Clothing,121,Hats,PRD121
Clothing,122,Beanies,PRD122
Clothing,123,Caps,PRD123
Clothing,124,Scarves,PRD124
Clothing,125,Gloves,PRD125
Clothing,126,Belts,PRD126
Clothing,127,Sunglasses,PRD127
Clothing,128,Watches,PRD128
Clothing,129,Ties,PRD129
Clothing,130,Bow Ties,PRD130
Clothing,131,Cufflinks,PRD131
Clothing,132,Pocket Squares,PRD132
Clothing,133,Bracelets,PRD133
Clothing,134,Necklaces,PRD134
Clothing,135,Earrings,PRD135
Clothing,136,Rings,PRD136
Clothing,137,Brooches,PRD137
Clothing,138,Hair Accessories,PRD138
Clothing,139,Handbags,PRD139
Clothing,140,Backpacks,PRD140
Clothing,141,Bras,PRD141
Clothing,142,Panties,PRD142
Clothing,143,Boxer Briefs,PRD143
Clothing,144,Boxers,PRD144
Clothing,145,Briefs,PRD145
Clothing,146,Undershirts,PRD146
Clothing,147,Slips,PRD147
Clothing,148,Camisoles,PRD148
Clothing,149,Shapewear,PRD149
Clothing,150,Long Johns,PRD150
Clothing,151,Thermal Tops,PRD151
Clothing,152,Thermal Bottoms,PRD152
Clothing,153,Robes,PRD153
Clothing,154,Nightgowns,PRD154
Clothing,155,Pajama Sets,PRD155
Clothing,156,Lingerie Sets,PRD156
Clothing,157,Bralettes,PRD157
Clothing,158,Bikini Bottoms,PRD158
Clothing,159,Thongs,PRD159
Clothing,160,G-Strings,PRD160
Clothing,161,Bikinis,PRD161
Clothing,162,One-Piece Swimsuits,PRD162
Clothing,163,Tankinis,PRD163
Clothing,164,Swim Trunks,PRD164
Clothing,165,Board Shorts,PRD165
Clothing,166,Rash Guards,PRD166
Clothing,167,Swim Dresses,PRD167
Clothing,168,Cover-Ups,PRD168
Clothing,169,Swim Skirts,PRD169
Clothing,170,Swim Briefs,PRD170
Clothing,171,Swim Jammers,PRD171
Clothing,172,Monokinis,PRD172
Clothing,173,Swim Leggings,PRD173
Clothing,174,Swim Tops,PRD174
Clothing,175,Swim Bottoms,PRD175
Clothing,176,Swim Shorts,PRD176
Clothing,177,Wet Suits,PRD177
Clothing,178,Bikini Tops,PRD178
Clothing,179,Swim Vests,PRD179
Clothing,180,Swim Caps,PRD180
Clothing,181,Christmas Sweaters,PRD181
Clothing,182,Halloween Costumes,PRD182
Clothing,183,Easter Dresses,PRD183
Clothing,184,Thanksgiving Outfits,PRD184
Clothing,185,Valentine's Day Lingerie,PRD185
Clothing,186,St Patrick's Day Shirts,PRD186
Clothing,187,Fourth of July Shirts,PRD187
Clothing,188,New Year's Eve Dresses,PRD188
Clothing,189,Summer Dresses,PRD189
Clothing,190,Winter Coats,PRD190
Clothing,191,Spring Jackets,PRD191
Clothing,192,Fall Sweaters,PRD192
Clothing,193,Rain Boots,PRD193
Clothing,194,Snow Boots,PRD194
Clothing,195,Winter Gloves,PRD195
Clothing,196,Summer Hats,PRD196
Clothing,197,Spring Scarves,PRD197
Clothing,198,Fall Beanies,PRD198
Clothing,199,Winter Hats,PRD199
Clothing,200,Holiday Pajamas,PRD200